ID,phase_id,duration_secs,keep,p_excl_reason,chk_consent,chk_finished,chk_notmanex
S0001,1,992,TRUE,NA,TRUE,TRUE,TRUE
S0001,2,327,TRUE,NA,TRUE,TRUE,TRUE
S0001,3,294,TRUE,NA,TRUE,TRUE,TRUE
S0001,4,442,TRUE,NA,TRUE,TRUE,TRUE
S0002,1,1220,TRUE,NA,TRUE,TRUE,TRUE
S0002,2,426,TRUE,NA,TRUE,TRUE,TRUE
S0002,3,256,TRUE,NA,TRUE,TRUE,TRUE
S0002,4,605,TRUE,NA,TRUE,TRUE,TRUE
S0003,1,802,TRUE,NA,TRUE,TRUE,TRUE
S0003,2,458,TRUE,NA,TRUE,TRUE,TRUE
S0003,3,384,TRUE,NA,TRUE,TRUE,TRUE
S0003,4,690,TRUE,NA,TRUE,TRUE,TRUE
S0004,1,793,TRUE,NA,TRUE,TRUE,TRUE
S0004,2,292,TRUE,NA,TRUE,TRUE,TRUE
S0004,3,278,TRUE,NA,TRUE,TRUE,TRUE
S0004,4,1598,TRUE,NA,TRUE,TRUE,TRUE
S0005,1,418,FALSE,Session was excluded,TRUE,TRUE,TRUE
S0005,2,141,FALSE,Session was excluded,TRUE,TRUE,TRUE
S0005,3,211,FALSE,Session was excluded,TRUE,TRUE,TRUE
S0005,4,2200,FALSE,Session was excluded,TRUE,TRUE,TRUE
S0006,1,663,TRUE,NA,TRUE,TRUE,TRUE
S0007,1,1601,TRUE,NA,TRUE,TRUE,TRUE
S0007,2,283,TRUE,NA,TRUE,TRUE,TRUE
S0007,3,386,TRUE,NA,TRUE,TRUE,TRUE
S0007,4,470,TRUE,NA,TRUE,TRUE,TRUE
S0008,1,671,TRUE,NA,TRUE,TRUE,TRUE
S0008,2,237,TRUE,NA,TRUE,TRUE,TRUE
S0008,3,281,TRUE,NA,TRUE,TRUE,TRUE
S0008,4,349,TRUE,NA,TRUE,TRUE,TRUE
S0009,1,1211,TRUE,NA,TRUE,TRUE,TRUE
S0009,2,430,TRUE,NA,TRUE,TRUE,TRUE
S0009,3,261,TRUE,NA,TRUE,TRUE,TRUE
S0009,4,999,TRUE,NA,TRUE,TRUE,TRUE
S0010,1,1114,TRUE,NA,TRUE,TRUE,TRUE
S0010,2,341,TRUE,NA,TRUE,TRUE,TRUE
S0010,3,420,TRUE,NA,TRUE,TRUE,TRUE
S0010,4,794,TRUE,NA,TRUE,TRUE,TRUE
S0011,1,1892,TRUE,NA,TRUE,TRUE,TRUE
S0011,2,323,TRUE,NA,TRUE,TRUE,TRUE
S0011,3,304,TRUE,NA,TRUE,TRUE,TRUE
S0011,4,307,TRUE,NA,TRUE,TRUE,TRUE
S0012,1,666,TRUE,NA,TRUE,TRUE,TRUE
S0012,2,244,TRUE,NA,TRUE,TRUE,TRUE
S0012,3,300,TRUE,NA,TRUE,TRUE,TRUE
S0012,4,339,TRUE,NA,TRUE,TRUE,TRUE
S0013,1,809,TRUE,NA,TRUE,TRUE,TRUE
S0013,2,324,TRUE,NA,TRUE,TRUE,TRUE
S0013,3,269,TRUE,NA,TRUE,TRUE,TRUE
S0013,4,543,TRUE,NA,TRUE,TRUE,TRUE
S0014,1,783,TRUE,NA,TRUE,TRUE,TRUE
S0014,2,266,TRUE,NA,TRUE,TRUE,TRUE
S0014,3,272,TRUE,NA,TRUE,TRUE,TRUE
S0014,4,640,TRUE,NA,TRUE,TRUE,TRUE
S0015,1,872,FALSE,Did not complete phase,TRUE,FALSE,TRUE
S0016,1,819,TRUE,NA,TRUE,TRUE,TRUE
S0016,2,162,TRUE,NA,TRUE,TRUE,TRUE
S0016,3,143,TRUE,NA,TRUE,TRUE,TRUE
S0016,4,177,TRUE,NA,TRUE,TRUE,TRUE
S0017,1,890,TRUE,NA,TRUE,TRUE,TRUE
S0017,2,381,TRUE,NA,TRUE,TRUE,TRUE
S0017,3,435,TRUE,NA,TRUE,TRUE,TRUE
S0017,4,859,TRUE,NA,TRUE,TRUE,TRUE
S0018,1,684,TRUE,NA,TRUE,TRUE,TRUE
S0018,2,227,TRUE,NA,TRUE,TRUE,TRUE
S0018,3,254,TRUE,NA,TRUE,TRUE,TRUE
S0018,4,416,TRUE,NA,TRUE,TRUE,TRUE
S0019,1,2330,TRUE,NA,TRUE,TRUE,TRUE
S0019,2,435,TRUE,NA,TRUE,TRUE,TRUE
S0019,3,443,TRUE,NA,TRUE,TRUE,TRUE
S0019,4,944,TRUE,NA,TRUE,TRUE,TRUE
S0020,1,576,TRUE,NA,TRUE,TRUE,TRUE
S0020,2,147,TRUE,NA,TRUE,TRUE,TRUE
S0020,3,157,TRUE,NA,TRUE,TRUE,TRUE
S0020,4,215,TRUE,NA,TRUE,TRUE,TRUE
S0021,1,738,TRUE,NA,TRUE,TRUE,TRUE
S0021,2,168,TRUE,NA,TRUE,TRUE,TRUE
S0021,3,168,TRUE,NA,TRUE,TRUE,TRUE
S0021,4,356,TRUE,NA,TRUE,TRUE,TRUE
S0022,1,588,FALSE,Session was excluded,TRUE,TRUE,TRUE
S0022,2,182,FALSE,Session was excluded,TRUE,TRUE,TRUE
S0023,1,1199,TRUE,NA,TRUE,TRUE,TRUE
S0023,2,503,TRUE,NA,TRUE,TRUE,TRUE
S0023,3,288,TRUE,NA,TRUE,TRUE,TRUE
S0023,4,1016,TRUE,NA,TRUE,TRUE,TRUE
S0024,1,853,TRUE,NA,TRUE,TRUE,TRUE
S0024,2,207,TRUE,NA,TRUE,TRUE,TRUE
S0024,3,159,TRUE,NA,TRUE,TRUE,TRUE
S0024,4,399,TRUE,NA,TRUE,TRUE,TRUE
S0025,1,724,TRUE,NA,TRUE,TRUE,TRUE
S0025,2,216,TRUE,NA,TRUE,TRUE,TRUE
S0026,1,761,TRUE,NA,TRUE,TRUE,TRUE
S0027,1,1133,TRUE,NA,TRUE,TRUE,TRUE
S0027,2,351,TRUE,NA,TRUE,TRUE,TRUE
S0027,3,419,TRUE,NA,TRUE,TRUE,TRUE
S0027,4,424,TRUE,NA,TRUE,TRUE,TRUE
S0028,1,542,TRUE,NA,TRUE,TRUE,TRUE
S0028,2,104,TRUE,NA,TRUE,TRUE,TRUE
S0028,3,169,TRUE,NA,TRUE,TRUE,TRUE
S0028,4,306,TRUE,NA,TRUE,TRUE,TRUE
S0029,1,628,TRUE,NA,TRUE,TRUE,TRUE
S0029,2,198,TRUE,NA,TRUE,TRUE,TRUE
S0029,3,188,TRUE,NA,TRUE,TRUE,TRUE
S0029,4,537,TRUE,NA,TRUE,TRUE,TRUE
S0030,1,733,TRUE,NA,TRUE,TRUE,TRUE
S0030,2,290,TRUE,NA,TRUE,TRUE,TRUE
S0030,3,331,TRUE,NA,TRUE,TRUE,TRUE
S0030,4,377,TRUE,NA,TRUE,TRUE,TRUE
S0031,1,515,TRUE,NA,TRUE,TRUE,TRUE
S0031,2,155,TRUE,NA,TRUE,TRUE,TRUE
S0031,3,183,TRUE,NA,TRUE,TRUE,TRUE
S0031,4,329,TRUE,NA,TRUE,TRUE,TRUE
S0032,1,648,TRUE,NA,TRUE,TRUE,TRUE
S0032,2,232,TRUE,NA,TRUE,TRUE,TRUE
S0032,3,291,TRUE,NA,TRUE,TRUE,TRUE
S0032,4,497,TRUE,NA,TRUE,TRUE,TRUE
S0033,1,660,TRUE,NA,TRUE,TRUE,TRUE
S0033,2,282,TRUE,NA,TRUE,TRUE,TRUE
S0033,3,321,TRUE,NA,TRUE,TRUE,TRUE
S0033,4,316,TRUE,NA,TRUE,TRUE,TRUE
S0034,1,644,TRUE,NA,TRUE,TRUE,TRUE
S0034,2,199,TRUE,NA,TRUE,TRUE,TRUE
S0034,3,242,TRUE,NA,TRUE,TRUE,TRUE
S0034,4,345,TRUE,NA,TRUE,TRUE,TRUE
S0035,1,738,TRUE,NA,TRUE,TRUE,TRUE
S0035,2,250,TRUE,NA,TRUE,TRUE,TRUE
S0035,3,224,TRUE,NA,TRUE,TRUE,TRUE
S0035,4,471,TRUE,NA,TRUE,TRUE,TRUE
S0036,1,904,TRUE,NA,TRUE,TRUE,TRUE
S0036,2,349,TRUE,NA,TRUE,TRUE,TRUE
S0036,3,539,TRUE,NA,TRUE,TRUE,TRUE
S0036,4,577,TRUE,NA,TRUE,TRUE,TRUE
S0037,1,785,TRUE,NA,TRUE,TRUE,TRUE
S0037,2,261,TRUE,NA,TRUE,TRUE,TRUE
S0037,3,283,TRUE,NA,TRUE,TRUE,TRUE
S0037,4,427,TRUE,NA,TRUE,TRUE,TRUE
S0038,1,767,TRUE,NA,TRUE,TRUE,TRUE
S0038,2,211,TRUE,NA,TRUE,TRUE,TRUE
S0038,3,254,TRUE,NA,TRUE,TRUE,TRUE
S0038,4,374,TRUE,NA,TRUE,TRUE,TRUE
S0039,1,500,TRUE,NA,TRUE,TRUE,TRUE
S0039,2,135,TRUE,NA,TRUE,TRUE,TRUE
S0039,3,156,TRUE,NA,TRUE,TRUE,TRUE
S0039,4,346,TRUE,NA,TRUE,TRUE,TRUE
S0040,1,587,TRUE,NA,TRUE,TRUE,TRUE
S0041,1,779,TRUE,NA,TRUE,TRUE,TRUE
S0041,2,265,TRUE,NA,TRUE,TRUE,TRUE
S0041,3,545,TRUE,NA,TRUE,TRUE,TRUE
S0041,4,453,TRUE,NA,TRUE,TRUE,TRUE
S0042,1,1256,TRUE,NA,TRUE,TRUE,TRUE
S0042,2,224,TRUE,NA,TRUE,TRUE,TRUE
S0042,3,204,TRUE,NA,TRUE,TRUE,TRUE
S0042,4,421,TRUE,NA,TRUE,TRUE,TRUE
S0043,1,408,TRUE,NA,TRUE,TRUE,TRUE
S0043,2,207,TRUE,NA,TRUE,TRUE,TRUE
S0043,3,164,TRUE,NA,TRUE,TRUE,TRUE
S0043,4,328,TRUE,NA,TRUE,TRUE,TRUE
S0044,1,770,TRUE,NA,TRUE,TRUE,TRUE
S0044,2,282,TRUE,NA,TRUE,TRUE,TRUE
S0044,3,254,TRUE,NA,TRUE,TRUE,TRUE
S0044,4,601,TRUE,NA,TRUE,TRUE,TRUE
S0045,1,907,TRUE,NA,TRUE,TRUE,TRUE
S0045,2,255,TRUE,NA,TRUE,TRUE,TRUE
S0045,3,187,TRUE,NA,TRUE,TRUE,TRUE
S0046,1,470,TRUE,NA,TRUE,TRUE,TRUE
S0046,2,206,TRUE,NA,TRUE,TRUE,TRUE
S0046,3,173,TRUE,NA,TRUE,TRUE,TRUE
S0046,4,283,TRUE,NA,TRUE,TRUE,TRUE
S0047,1,1261,TRUE,NA,TRUE,TRUE,TRUE
S0047,2,371,TRUE,NA,TRUE,TRUE,TRUE
S0047,3,297,TRUE,NA,TRUE,TRUE,TRUE
S0047,4,775,TRUE,NA,TRUE,TRUE,TRUE
S0048,1,944,TRUE,NA,TRUE,TRUE,TRUE
S0048,2,401,TRUE,NA,TRUE,TRUE,TRUE
S0048,3,438,TRUE,NA,TRUE,TRUE,TRUE
S0048,4,644,TRUE,NA,TRUE,TRUE,TRUE
S0049,1,905,TRUE,NA,TRUE,TRUE,TRUE
S0049,2,306,TRUE,NA,TRUE,TRUE,TRUE
S0049,3,231,TRUE,NA,TRUE,TRUE,TRUE
S0049,4,456,TRUE,NA,TRUE,TRUE,TRUE
S0050,1,920,TRUE,NA,TRUE,TRUE,TRUE
S0050,2,268,TRUE,NA,TRUE,TRUE,TRUE
S0050,3,327,TRUE,NA,TRUE,TRUE,TRUE
S0050,4,720,TRUE,NA,TRUE,TRUE,TRUE
S0051,1,759,FALSE,Session was excluded,TRUE,TRUE,TRUE
S0051,2,2282,FALSE,Did not complete phase,TRUE,FALSE,TRUE
S0052,1,799,TRUE,NA,TRUE,TRUE,TRUE
S0052,2,308,TRUE,NA,TRUE,TRUE,TRUE
S0052,3,268,TRUE,NA,TRUE,TRUE,TRUE
S0052,4,644,TRUE,NA,TRUE,TRUE,TRUE
S0053,1,1018,TRUE,NA,TRUE,TRUE,TRUE
S0053,2,316,TRUE,NA,TRUE,TRUE,TRUE
S0053,3,280,TRUE,NA,TRUE,TRUE,TRUE
S0053,4,522,TRUE,NA,TRUE,TRUE,TRUE
S0054,1,494,TRUE,NA,TRUE,TRUE,TRUE
S0054,2,253,TRUE,NA,TRUE,TRUE,TRUE
S0054,3,223,TRUE,NA,TRUE,TRUE,TRUE
S0054,4,335,TRUE,NA,TRUE,TRUE,TRUE
S0055,1,NA,FALSE,Did not give consent for phase (or consent missing),FALSE,FALSE,TRUE
S0056,1,629,TRUE,NA,TRUE,TRUE,TRUE
S0056,2,220,TRUE,NA,TRUE,TRUE,TRUE
S0056,3,201,TRUE,NA,TRUE,TRUE,TRUE
S0056,4,1055,TRUE,NA,TRUE,TRUE,TRUE
S0057,1,964,TRUE,NA,TRUE,TRUE,TRUE
S0057,2,384,TRUE,NA,TRUE,TRUE,TRUE
S0057,3,284,TRUE,NA,TRUE,TRUE,TRUE
S0057,4,690,TRUE,NA,TRUE,TRUE,TRUE
S0058,1,953,TRUE,NA,TRUE,TRUE,TRUE
S0058,2,229,TRUE,NA,TRUE,TRUE,TRUE
S0058,3,235,TRUE,NA,TRUE,TRUE,TRUE
S0058,4,408,TRUE,NA,TRUE,TRUE,TRUE
S0059,1,1331,TRUE,NA,TRUE,TRUE,TRUE
S0059,2,358,TRUE,NA,TRUE,TRUE,TRUE
S0059,3,752,TRUE,NA,TRUE,TRUE,TRUE
S0059,4,336,TRUE,NA,TRUE,TRUE,TRUE
S0060,1,815,TRUE,NA,TRUE,TRUE,TRUE
S0060,2,249,TRUE,NA,TRUE,TRUE,TRUE
S0060,3,291,TRUE,NA,TRUE,TRUE,TRUE
S0060,4,422,TRUE,NA,TRUE,TRUE,TRUE
S0061,1,494,TRUE,NA,TRUE,TRUE,TRUE
S0061,2,298,TRUE,NA,TRUE,TRUE,TRUE
S0061,3,175,TRUE,NA,TRUE,TRUE,TRUE
S0061,4,362,TRUE,NA,TRUE,TRUE,TRUE
S0062,1,1027,TRUE,NA,TRUE,TRUE,TRUE
S0062,2,235,TRUE,NA,TRUE,TRUE,TRUE
S0062,3,367,TRUE,NA,TRUE,TRUE,TRUE
S0062,4,488,TRUE,NA,TRUE,TRUE,TRUE
S0063,1,1015,TRUE,NA,TRUE,TRUE,TRUE
S0063,2,317,TRUE,NA,TRUE,TRUE,TRUE
S0063,3,231,TRUE,NA,TRUE,TRUE,TRUE
S0063,4,315,TRUE,NA,TRUE,TRUE,TRUE
S0064,1,953,TRUE,NA,TRUE,TRUE,TRUE
S0064,2,240,TRUE,NA,TRUE,TRUE,TRUE
S0064,3,234,TRUE,NA,TRUE,TRUE,TRUE
S0064,4,302,TRUE,NA,TRUE,TRUE,TRUE
S0065,1,766,TRUE,NA,TRUE,TRUE,TRUE
S0065,2,238,TRUE,NA,TRUE,TRUE,TRUE
S0065,3,317,TRUE,NA,TRUE,TRUE,TRUE
S0065,4,524,TRUE,NA,TRUE,TRUE,TRUE
S0066,1,811,TRUE,NA,TRUE,TRUE,TRUE
S0066,2,NA,FALSE,Did not give consent for phase (or consent missing),FALSE,FALSE,TRUE
S0067,1,569,TRUE,NA,TRUE,TRUE,TRUE
S0067,2,192,TRUE,NA,TRUE,TRUE,TRUE
S0067,3,196,TRUE,NA,TRUE,TRUE,TRUE
S0067,4,352,TRUE,NA,TRUE,TRUE,TRUE
S0068,1,628,TRUE,NA,TRUE,TRUE,TRUE
S0068,2,266,TRUE,NA,TRUE,TRUE,TRUE
S0068,3,358,TRUE,NA,TRUE,TRUE,TRUE
S0068,4,314,TRUE,NA,TRUE,TRUE,TRUE
S0069,1,952,FALSE,Session was excluded,TRUE,TRUE,TRUE
S0069,2,460,FALSE,Session was excluded,TRUE,TRUE,TRUE
S0069,3,NA,FALSE,Did not give consent for phase (or consent missing),FALSE,FALSE,TRUE
S0070,1,617,TRUE,NA,TRUE,TRUE,TRUE
S0070,2,274,TRUE,NA,TRUE,TRUE,TRUE
S0070,3,186,TRUE,NA,TRUE,TRUE,TRUE
S0070,4,261,TRUE,NA,TRUE,TRUE,TRUE
S0071,1,653,TRUE,NA,TRUE,TRUE,TRUE
S0071,2,264,TRUE,NA,TRUE,TRUE,TRUE
S0071,3,261,TRUE,NA,TRUE,TRUE,TRUE
S0071,4,343,TRUE,NA,TRUE,TRUE,TRUE
S0072,1,612,TRUE,NA,TRUE,TRUE,TRUE
S0072,2,214,TRUE,NA,TRUE,TRUE,TRUE
S0072,3,159,TRUE,NA,TRUE,TRUE,TRUE
S0072,4,397,TRUE,NA,TRUE,TRUE,TRUE
S0073,1,608,FALSE,Session was excluded,TRUE,TRUE,TRUE
S0074,1,743,TRUE,NA,TRUE,TRUE,TRUE
S0074,2,292,TRUE,NA,TRUE,TRUE,TRUE
S0074,3,316,TRUE,NA,TRUE,TRUE,TRUE
S0074,4,571,TRUE,NA,TRUE,TRUE,TRUE
S0075,1,974,TRUE,NA,TRUE,TRUE,TRUE
S0075,2,564,TRUE,NA,TRUE,TRUE,TRUE
S0075,3,414,TRUE,NA,TRUE,TRUE,TRUE
S0075,4,820,TRUE,NA,TRUE,TRUE,TRUE
S0076,1,NA,FALSE,Session was excluded,TRUE,TRUE,TRUE
S0076,2,NA,FALSE,Session was excluded,TRUE,TRUE,TRUE
S0076,3,NA,FALSE,Session was excluded,TRUE,TRUE,TRUE
S0076,4,NA,FALSE,Session was excluded,TRUE,TRUE,TRUE
S0077,1,1084,TRUE,NA,TRUE,TRUE,TRUE
S0077,2,311,TRUE,NA,TRUE,TRUE,TRUE
S0077,3,457,TRUE,NA,TRUE,TRUE,TRUE
S0077,4,533,TRUE,NA,TRUE,TRUE,TRUE
S0078,1,808,TRUE,NA,TRUE,TRUE,TRUE
S0078,2,294,TRUE,NA,TRUE,TRUE,TRUE
S0078,3,225,TRUE,NA,TRUE,TRUE,TRUE
S0079,1,773,TRUE,NA,TRUE,TRUE,TRUE
S0079,2,276,TRUE,NA,TRUE,TRUE,TRUE
S0079,3,237,TRUE,NA,TRUE,TRUE,TRUE
S0079,4,389,TRUE,NA,TRUE,TRUE,TRUE
S0080,1,1646,TRUE,NA,TRUE,TRUE,TRUE
S0080,2,512,TRUE,NA,TRUE,TRUE,TRUE
S0080,3,385,TRUE,NA,TRUE,TRUE,TRUE
S0080,4,986,TRUE,NA,TRUE,TRUE,TRUE
S0081,1,1592,TRUE,NA,TRUE,TRUE,TRUE
S0082,1,1765,TRUE,NA,TRUE,TRUE,TRUE
S0082,2,494,TRUE,NA,TRUE,TRUE,TRUE
S0082,3,331,TRUE,NA,TRUE,TRUE,TRUE
S0082,4,673,TRUE,NA,TRUE,TRUE,TRUE
S0083,1,737,TRUE,NA,TRUE,TRUE,TRUE
S0083,2,310,TRUE,NA,TRUE,TRUE,TRUE
S0083,3,280,TRUE,NA,TRUE,TRUE,TRUE
S0083,4,498,TRUE,NA,TRUE,TRUE,TRUE
S0084,1,921,TRUE,NA,TRUE,TRUE,TRUE
S0084,2,353,TRUE,NA,TRUE,TRUE,TRUE
S0084,3,358,TRUE,NA,TRUE,TRUE,TRUE
S0084,4,590,TRUE,NA,TRUE,TRUE,TRUE
S0085,1,1099,TRUE,NA,TRUE,TRUE,TRUE
S0085,2,468,TRUE,NA,TRUE,TRUE,TRUE
S0085,3,950,TRUE,NA,TRUE,TRUE,TRUE
S0085,4,1194,TRUE,NA,TRUE,TRUE,TRUE
S0086,1,1173,TRUE,NA,TRUE,TRUE,TRUE
S0086,2,294,TRUE,NA,TRUE,TRUE,TRUE
S0086,3,244,TRUE,NA,TRUE,TRUE,TRUE
S0086,4,434,TRUE,NA,TRUE,TRUE,TRUE
S0087,1,771,TRUE,NA,TRUE,TRUE,TRUE
S0087,2,232,TRUE,NA,TRUE,TRUE,TRUE
S0087,3,211,TRUE,NA,TRUE,TRUE,TRUE
S0087,4,505,TRUE,NA,TRUE,TRUE,TRUE
S0088,1,650,TRUE,NA,TRUE,TRUE,TRUE
S0088,2,299,TRUE,NA,TRUE,TRUE,TRUE
S0088,3,316,TRUE,NA,TRUE,TRUE,TRUE
S0088,4,415,TRUE,NA,TRUE,TRUE,TRUE
S0089,1,1564,TRUE,NA,TRUE,TRUE,TRUE
S0089,2,1797,TRUE,NA,TRUE,TRUE,TRUE
S0089,3,189,TRUE,NA,TRUE,TRUE,TRUE
S0089,4,1313,TRUE,NA,TRUE,TRUE,TRUE
S0090,1,586,TRUE,NA,TRUE,TRUE,TRUE
S0090,2,194,TRUE,NA,TRUE,TRUE,TRUE
S0090,3,134,TRUE,NA,TRUE,TRUE,TRUE
S0090,4,313,TRUE,NA,TRUE,TRUE,TRUE
S0091,1,821,TRUE,NA,TRUE,TRUE,TRUE
S0091,2,282,TRUE,NA,TRUE,TRUE,TRUE
S0091,3,370,TRUE,NA,TRUE,TRUE,TRUE
S0091,4,1038,TRUE,NA,TRUE,TRUE,TRUE
S0092,1,697,TRUE,NA,TRUE,TRUE,TRUE
S0092,2,346,TRUE,NA,TRUE,TRUE,TRUE
S0092,3,333,TRUE,NA,TRUE,TRUE,TRUE
S0092,4,480,TRUE,NA,TRUE,TRUE,TRUE
S0093,1,985,TRUE,NA,TRUE,TRUE,TRUE
S0093,2,307,TRUE,NA,TRUE,TRUE,TRUE
S0093,3,234,TRUE,NA,TRUE,TRUE,TRUE
S0093,4,1289,TRUE,NA,TRUE,TRUE,TRUE
S0094,1,NA,FALSE,Did not give consent for phase (or consent missing),FALSE,FALSE,TRUE
S0095,1,851,TRUE,NA,TRUE,TRUE,TRUE
S0095,2,261,TRUE,NA,TRUE,TRUE,TRUE
S0095,3,232,TRUE,NA,TRUE,TRUE,TRUE
S0096,1,926,TRUE,NA,TRUE,TRUE,TRUE
S0096,2,309,TRUE,NA,TRUE,TRUE,TRUE
S0096,3,355,TRUE,NA,TRUE,TRUE,TRUE
S0096,4,702,TRUE,NA,TRUE,TRUE,TRUE
S0097,1,1034,TRUE,NA,TRUE,TRUE,TRUE
S0097,2,358,TRUE,NA,TRUE,TRUE,TRUE
S0097,3,275,TRUE,NA,TRUE,TRUE,TRUE
S0097,4,639,TRUE,NA,TRUE,TRUE,TRUE
S0098,1,586,TRUE,NA,TRUE,TRUE,TRUE
S0098,2,238,TRUE,NA,TRUE,TRUE,TRUE
S0098,3,224,TRUE,NA,TRUE,TRUE,TRUE
S0098,4,730,TRUE,NA,TRUE,TRUE,TRUE
S0099,1,1578,TRUE,NA,TRUE,TRUE,TRUE
S0099,2,473,TRUE,NA,TRUE,TRUE,TRUE
S0099,3,237,TRUE,NA,TRUE,TRUE,TRUE
S0099,4,1225,TRUE,NA,TRUE,TRUE,TRUE
S0100,1,NA,FALSE,Session was excluded,TRUE,TRUE,TRUE
S0101,1,889,TRUE,NA,TRUE,TRUE,TRUE
S0101,2,353,TRUE,NA,TRUE,TRUE,TRUE
S0101,3,430,TRUE,NA,TRUE,TRUE,TRUE
S0101,4,900,TRUE,NA,TRUE,TRUE,TRUE
S0102,1,508,TRUE,NA,TRUE,TRUE,TRUE
S0102,2,225,TRUE,NA,TRUE,TRUE,TRUE
S0102,3,187,TRUE,NA,TRUE,TRUE,TRUE
S0102,4,283,TRUE,NA,TRUE,TRUE,TRUE
S0103,1,991,TRUE,NA,TRUE,TRUE,TRUE
S0103,2,279,TRUE,NA,TRUE,TRUE,TRUE
S0103,3,271,TRUE,NA,TRUE,TRUE,TRUE
S0103,4,538,TRUE,NA,TRUE,TRUE,TRUE
S0104,1,577,TRUE,NA,TRUE,TRUE,TRUE
S0104,2,212,TRUE,NA,TRUE,TRUE,TRUE
S0104,3,221,TRUE,NA,TRUE,TRUE,TRUE
S0104,4,498,TRUE,NA,TRUE,TRUE,TRUE
S0105,1,830,TRUE,NA,TRUE,TRUE,TRUE
S0105,2,218,TRUE,NA,TRUE,TRUE,TRUE
S0105,3,302,TRUE,NA,TRUE,TRUE,TRUE
S0105,4,416,TRUE,NA,TRUE,TRUE,TRUE
S0106,1,606,TRUE,NA,TRUE,TRUE,TRUE
S0106,2,224,TRUE,NA,TRUE,TRUE,TRUE
S0106,3,243,TRUE,NA,TRUE,TRUE,TRUE
S0106,4,495,TRUE,NA,TRUE,TRUE,TRUE
S0107,1,605,TRUE,NA,TRUE,TRUE,TRUE
S0107,2,421,TRUE,NA,TRUE,TRUE,TRUE
S0107,3,199,TRUE,NA,TRUE,TRUE,TRUE
S0107,4,354,TRUE,NA,TRUE,TRUE,TRUE
S0108,1,499,TRUE,NA,TRUE,TRUE,TRUE
S0108,2,221,TRUE,NA,TRUE,TRUE,TRUE
S0108,3,146,TRUE,NA,TRUE,TRUE,TRUE
S0108,4,390,TRUE,NA,TRUE,TRUE,TRUE
S0109,1,804,TRUE,NA,TRUE,TRUE,TRUE
S0109,2,174,TRUE,NA,TRUE,TRUE,TRUE
S0109,3,158,TRUE,NA,TRUE,TRUE,TRUE
S0109,4,328,TRUE,NA,TRUE,TRUE,TRUE
S0110,1,1068,TRUE,NA,TRUE,TRUE,TRUE
S0110,2,417,TRUE,NA,TRUE,TRUE,TRUE
S0110,3,342,TRUE,NA,TRUE,TRUE,TRUE
S0110,4,1069,TRUE,NA,TRUE,TRUE,TRUE
S0111,1,696,TRUE,NA,TRUE,TRUE,TRUE
S0111,2,235,TRUE,NA,TRUE,TRUE,TRUE
S0111,3,169,TRUE,NA,TRUE,TRUE,TRUE
S0111,4,404,TRUE,NA,TRUE,TRUE,TRUE
S0112,1,1062,TRUE,NA,TRUE,TRUE,TRUE
S0112,2,253,TRUE,NA,TRUE,TRUE,TRUE
S0112,3,425,TRUE,NA,TRUE,TRUE,TRUE
S0112,4,846,TRUE,NA,TRUE,TRUE,TRUE
S0113,1,1935,TRUE,NA,TRUE,TRUE,TRUE
S0113,2,194,TRUE,NA,TRUE,TRUE,TRUE
S0114,1,895,TRUE,NA,TRUE,TRUE,TRUE
S0114,2,386,TRUE,NA,TRUE,TRUE,TRUE
S0114,3,358,TRUE,NA,TRUE,TRUE,TRUE
S0114,4,409,TRUE,NA,TRUE,TRUE,TRUE
S0115,1,631,FALSE,Session was excluded,TRUE,TRUE,TRUE
S0115,2,2335,FALSE,Session was excluded,TRUE,TRUE,TRUE
S0116,1,726,TRUE,NA,TRUE,TRUE,TRUE
S0116,2,202,TRUE,NA,TRUE,TRUE,TRUE
S0116,3,248,TRUE,NA,TRUE,TRUE,TRUE
S0116,4,394,TRUE,NA,TRUE,TRUE,TRUE
S0117,1,522,TRUE,NA,TRUE,TRUE,TRUE
S0117,2,306,TRUE,NA,TRUE,TRUE,TRUE
S0117,3,182,TRUE,NA,TRUE,TRUE,TRUE
S0117,4,298,TRUE,NA,TRUE,TRUE,TRUE
S0118,1,944,FALSE,Session was excluded,TRUE,TRUE,TRUE
S0118,2,328,FALSE,Session was excluded,TRUE,TRUE,TRUE
S0118,3,233,FALSE,Session was excluded,TRUE,TRUE,TRUE
S0119,1,1106,TRUE,NA,TRUE,TRUE,TRUE
S0119,2,479,TRUE,NA,TRUE,TRUE,TRUE
S0119,3,287,TRUE,NA,TRUE,TRUE,TRUE
S0119,4,432,TRUE,NA,TRUE,TRUE,TRUE
S0120,1,536,FALSE,Session was excluded,TRUE,TRUE,TRUE
S0120,2,327,FALSE,Session was excluded,TRUE,TRUE,TRUE
S0120,3,2124,FALSE,Session was excluded,TRUE,TRUE,TRUE
S0121,1,609,FALSE,Session was excluded,TRUE,TRUE,TRUE
S0121,2,136,FALSE,Session was excluded,TRUE,TRUE,TRUE
S0121,3,157,FALSE,Session was excluded,TRUE,TRUE,TRUE
S0122,1,1661,TRUE,NA,TRUE,TRUE,TRUE
S0122,2,1401,TRUE,NA,TRUE,TRUE,TRUE
S0123,1,632,TRUE,NA,TRUE,TRUE,TRUE
S0123,2,333,TRUE,NA,TRUE,TRUE,TRUE
S0123,3,321,TRUE,NA,TRUE,TRUE,TRUE
S0123,4,495,TRUE,NA,TRUE,TRUE,TRUE
S0124,1,440,TRUE,NA,TRUE,TRUE,TRUE
S0124,2,146,TRUE,NA,TRUE,TRUE,TRUE
S0124,3,166,TRUE,NA,TRUE,TRUE,TRUE
S0124,4,592,TRUE,NA,TRUE,TRUE,TRUE
S0125,1,1177,TRUE,NA,TRUE,TRUE,TRUE
S0125,2,607,TRUE,NA,TRUE,TRUE,TRUE
S0125,3,281,TRUE,NA,TRUE,TRUE,TRUE
S0125,4,637,TRUE,NA,TRUE,TRUE,TRUE
S0126,1,807,TRUE,NA,TRUE,TRUE,TRUE
S0126,2,249,TRUE,NA,TRUE,TRUE,TRUE
S0126,3,237,TRUE,NA,TRUE,TRUE,TRUE
S0126,4,402,TRUE,NA,TRUE,TRUE,TRUE
S0127,1,713,TRUE,NA,TRUE,TRUE,TRUE
S0127,2,417,TRUE,NA,TRUE,TRUE,TRUE
S0127,3,341,TRUE,NA,TRUE,TRUE,TRUE
S0127,4,1022,TRUE,NA,TRUE,TRUE,TRUE
S0128,1,1088,TRUE,NA,TRUE,TRUE,TRUE
S0128,2,407,TRUE,NA,TRUE,TRUE,TRUE
S0128,3,638,TRUE,NA,TRUE,TRUE,TRUE
S0128,4,932,TRUE,NA,TRUE,TRUE,TRUE
S0129,1,907,TRUE,NA,TRUE,TRUE,TRUE
S0129,2,198,TRUE,NA,TRUE,TRUE,TRUE
S0129,3,378,TRUE,NA,TRUE,TRUE,TRUE
S0129,4,499,TRUE,NA,TRUE,TRUE,TRUE
S0130,1,672,TRUE,NA,TRUE,TRUE,TRUE
S0130,2,201,TRUE,NA,TRUE,TRUE,TRUE
S0130,3,242,TRUE,NA,TRUE,TRUE,TRUE
S0130,4,365,TRUE,NA,TRUE,TRUE,TRUE
S0131,1,705,TRUE,NA,TRUE,TRUE,TRUE
S0131,2,217,TRUE,NA,TRUE,TRUE,TRUE
S0131,3,228,TRUE,NA,TRUE,TRUE,TRUE
S0131,4,476,TRUE,NA,TRUE,TRUE,TRUE
S0132,1,595,TRUE,NA,TRUE,TRUE,TRUE
S0132,2,210,TRUE,NA,TRUE,TRUE,TRUE
S0132,3,151,TRUE,NA,TRUE,TRUE,TRUE
S0132,4,385,TRUE,NA,TRUE,TRUE,TRUE
S0133,1,3082,FALSE,Session was excluded,TRUE,TRUE,TRUE
S0134,1,574,TRUE,NA,TRUE,TRUE,TRUE
S0134,2,163,TRUE,NA,TRUE,TRUE,TRUE
S0134,3,137,TRUE,NA,TRUE,TRUE,TRUE
S0134,4,300,TRUE,NA,TRUE,TRUE,TRUE
S0135,1,921,TRUE,NA,TRUE,TRUE,TRUE
S0135,2,369,TRUE,NA,TRUE,TRUE,TRUE
S0135,3,370,TRUE,NA,TRUE,TRUE,TRUE
S0135,4,569,TRUE,NA,TRUE,TRUE,TRUE
S0136,1,1118,TRUE,NA,TRUE,TRUE,TRUE
S0136,2,483,TRUE,NA,TRUE,TRUE,TRUE
S0136,3,445,TRUE,NA,TRUE,TRUE,TRUE
S0136,4,375,TRUE,NA,TRUE,TRUE,TRUE
S0137,1,925,TRUE,NA,TRUE,TRUE,TRUE
S0137,2,294,TRUE,NA,TRUE,TRUE,TRUE
S0137,3,326,TRUE,NA,TRUE,TRUE,TRUE
S0137,4,634,TRUE,NA,TRUE,TRUE,TRUE
S0138,1,2577,FALSE,Session was excluded,TRUE,TRUE,TRUE
S0139,1,821,TRUE,NA,TRUE,TRUE,TRUE
S0139,2,492,TRUE,NA,TRUE,TRUE,TRUE
S0139,3,252,TRUE,NA,TRUE,TRUE,TRUE
S0139,4,602,TRUE,NA,TRUE,TRUE,TRUE
S0140,1,604,TRUE,NA,TRUE,TRUE,TRUE
S0140,2,149,TRUE,NA,TRUE,TRUE,TRUE
S0140,3,172,TRUE,NA,TRUE,TRUE,TRUE
S0140,4,386,TRUE,NA,TRUE,TRUE,TRUE
S0141,1,1566,TRUE,NA,TRUE,TRUE,TRUE
S0141,2,216,TRUE,NA,TRUE,TRUE,TRUE
S0141,3,154,TRUE,NA,TRUE,TRUE,TRUE
S0142,1,813,TRUE,NA,TRUE,TRUE,TRUE
S0142,2,494,TRUE,NA,TRUE,TRUE,TRUE
S0142,3,311,TRUE,NA,TRUE,TRUE,TRUE
S0142,4,734,TRUE,NA,TRUE,TRUE,TRUE
S0143,1,960,TRUE,NA,TRUE,TRUE,TRUE
S0143,2,362,TRUE,NA,TRUE,TRUE,TRUE
S0143,3,386,TRUE,NA,TRUE,TRUE,TRUE
S0143,4,895,TRUE,NA,TRUE,TRUE,TRUE
S0144,1,704,TRUE,NA,TRUE,TRUE,TRUE
S0144,2,217,TRUE,NA,TRUE,TRUE,TRUE
S0144,3,242,TRUE,NA,TRUE,TRUE,TRUE
S0144,4,709,TRUE,NA,TRUE,TRUE,TRUE
S0145,1,834,TRUE,NA,TRUE,TRUE,TRUE
S0145,2,420,TRUE,NA,TRUE,TRUE,TRUE
S0145,3,346,TRUE,NA,TRUE,TRUE,TRUE
S0145,4,968,TRUE,NA,TRUE,TRUE,TRUE
S0146,1,769,TRUE,NA,TRUE,TRUE,TRUE
S0146,2,234,TRUE,NA,TRUE,TRUE,TRUE
S0146,3,229,TRUE,NA,TRUE,TRUE,TRUE
S0146,4,356,TRUE,NA,TRUE,TRUE,TRUE
S0147,1,999,TRUE,NA,TRUE,TRUE,TRUE
S0147,2,257,TRUE,NA,TRUE,TRUE,TRUE
S0147,3,134,TRUE,NA,TRUE,TRUE,TRUE
S0147,4,359,TRUE,NA,TRUE,TRUE,TRUE
S0148,1,1015,TRUE,NA,TRUE,TRUE,TRUE
S0148,2,597,TRUE,NA,TRUE,TRUE,TRUE
S0148,3,1108,TRUE,NA,TRUE,TRUE,TRUE
S0148,4,524,TRUE,NA,TRUE,TRUE,TRUE
S0149,1,1011,TRUE,NA,TRUE,TRUE,TRUE
S0149,2,314,TRUE,NA,TRUE,TRUE,TRUE
S0149,3,423,TRUE,NA,TRUE,TRUE,TRUE
S0149,4,979,TRUE,NA,TRUE,TRUE,TRUE
S0150,1,1178,TRUE,NA,TRUE,TRUE,TRUE
S0151,1,NA,FALSE,Did not give consent for phase (or consent missing),FALSE,FALSE,TRUE
S0152,1,986,TRUE,NA,TRUE,TRUE,TRUE
S0153,1,646,TRUE,NA,TRUE,TRUE,TRUE
S0153,2,249,TRUE,NA,TRUE,TRUE,TRUE
S0153,3,241,TRUE,NA,TRUE,TRUE,TRUE
S0153,4,315,TRUE,NA,TRUE,TRUE,TRUE
S0154,1,790,TRUE,NA,TRUE,TRUE,TRUE
S0154,2,292,TRUE,NA,TRUE,TRUE,TRUE
S0154,3,216,TRUE,NA,TRUE,TRUE,TRUE
S0154,4,647,TRUE,NA,TRUE,TRUE,TRUE
S0155,1,1048,TRUE,NA,TRUE,TRUE,TRUE
S0155,2,274,TRUE,NA,TRUE,TRUE,TRUE
S0155,3,325,TRUE,NA,TRUE,TRUE,TRUE
S0155,4,582,TRUE,NA,TRUE,TRUE,TRUE
S0156,1,NA,FALSE,Did not give consent for phase (or consent missing),FALSE,FALSE,TRUE
S0157,1,739,TRUE,NA,TRUE,TRUE,TRUE
S0157,2,427,TRUE,NA,TRUE,TRUE,TRUE
S0157,3,325,TRUE,NA,TRUE,TRUE,TRUE
S0157,4,408,TRUE,NA,TRUE,TRUE,TRUE
S0158,1,726,FALSE,Session was excluded,TRUE,TRUE,TRUE
S0158,2,242,FALSE,Session was excluded,TRUE,TRUE,TRUE
S0159,1,584,TRUE,NA,TRUE,TRUE,TRUE
S0159,2,216,TRUE,NA,TRUE,TRUE,TRUE
S0159,3,189,TRUE,NA,TRUE,TRUE,TRUE
S0159,4,324,TRUE,NA,TRUE,TRUE,TRUE
S0160,1,770,TRUE,NA,TRUE,TRUE,TRUE
S0160,2,401,TRUE,NA,TRUE,TRUE,TRUE
S0160,3,418,TRUE,NA,TRUE,TRUE,TRUE
S0160,4,1466,TRUE,NA,TRUE,TRUE,TRUE
S0161,1,638,TRUE,NA,TRUE,TRUE,TRUE
S0161,2,228,FALSE,Did not complete phase,TRUE,FALSE,TRUE
S0162,1,872,TRUE,NA,TRUE,TRUE,TRUE
S0162,2,477,TRUE,NA,TRUE,TRUE,TRUE
S0162,3,196,TRUE,NA,TRUE,TRUE,TRUE
S0162,4,438,TRUE,NA,TRUE,TRUE,TRUE
S0163,1,937,TRUE,NA,TRUE,TRUE,TRUE
S0163,2,970,TRUE,NA,TRUE,TRUE,TRUE
S0163,3,342,TRUE,NA,TRUE,TRUE,TRUE
S0163,4,597,TRUE,NA,TRUE,TRUE,TRUE
S0164,1,1119,TRUE,NA,TRUE,TRUE,TRUE
S0164,2,258,TRUE,NA,TRUE,TRUE,TRUE
S0164,3,538,TRUE,NA,TRUE,TRUE,TRUE
S0164,4,957,TRUE,NA,TRUE,TRUE,TRUE
S0165,1,1527,TRUE,NA,TRUE,TRUE,TRUE
S0165,2,296,TRUE,NA,TRUE,TRUE,TRUE
S0165,3,284,TRUE,NA,TRUE,TRUE,TRUE
S0165,4,372,TRUE,NA,TRUE,TRUE,TRUE
S0166,1,830,TRUE,NA,TRUE,TRUE,TRUE
S0166,2,336,TRUE,NA,TRUE,TRUE,TRUE
S0166,3,214,TRUE,NA,TRUE,TRUE,TRUE
S0166,4,298,TRUE,NA,TRUE,TRUE,TRUE
S0167,1,807,TRUE,NA,TRUE,TRUE,TRUE
S0167,2,212,TRUE,NA,TRUE,TRUE,TRUE
S0167,3,249,TRUE,NA,TRUE,TRUE,TRUE
S0167,4,404,TRUE,NA,TRUE,TRUE,TRUE
S0168,1,498,TRUE,NA,TRUE,TRUE,TRUE
S0168,2,91,TRUE,NA,TRUE,TRUE,TRUE
S0168,3,149,TRUE,NA,TRUE,TRUE,TRUE
S0168,4,180,TRUE,NA,TRUE,TRUE,TRUE
S0169,1,832,TRUE,NA,TRUE,TRUE,TRUE
S0169,2,333,TRUE,NA,TRUE,TRUE,TRUE
S0169,3,406,TRUE,NA,TRUE,TRUE,TRUE
S0169,4,428,TRUE,NA,TRUE,TRUE,TRUE
S0170,1,1010,TRUE,NA,TRUE,TRUE,TRUE
S0170,2,234,TRUE,NA,TRUE,TRUE,TRUE
S0170,3,372,TRUE,NA,TRUE,TRUE,TRUE
S0170,4,392,TRUE,NA,TRUE,TRUE,TRUE
S0171,1,624,TRUE,NA,TRUE,TRUE,TRUE
S0171,2,228,TRUE,NA,TRUE,TRUE,TRUE
S0171,3,943,TRUE,NA,TRUE,TRUE,TRUE
S0171,4,360,TRUE,NA,TRUE,TRUE,TRUE
S0172,1,934,TRUE,NA,TRUE,TRUE,TRUE
S0172,2,548,TRUE,NA,TRUE,TRUE,TRUE
S0172,3,204,TRUE,NA,TRUE,TRUE,TRUE
S0172,4,366,FALSE,Did not complete phase,TRUE,FALSE,TRUE
S0173,1,965,TRUE,NA,TRUE,TRUE,TRUE
S0173,2,419,TRUE,NA,TRUE,TRUE,TRUE
S0173,3,263,TRUE,NA,TRUE,TRUE,TRUE
S0173,4,302,TRUE,NA,TRUE,TRUE,TRUE
S0174,1,795,TRUE,NA,TRUE,TRUE,TRUE
S0174,2,300,TRUE,NA,TRUE,TRUE,TRUE
S0174,3,189,TRUE,NA,TRUE,TRUE,TRUE
S0174,4,693,TRUE,NA,TRUE,TRUE,TRUE
S0175,1,478,TRUE,NA,TRUE,TRUE,TRUE
S0175,2,217,TRUE,NA,TRUE,TRUE,TRUE
S0175,3,217,TRUE,NA,TRUE,TRUE,TRUE
S0175,4,222,TRUE,NA,TRUE,TRUE,TRUE
S0176,1,729,TRUE,NA,TRUE,TRUE,TRUE
S0176,2,279,TRUE,NA,TRUE,TRUE,TRUE
S0176,3,242,TRUE,NA,TRUE,TRUE,TRUE
S0176,4,835,TRUE,NA,TRUE,TRUE,TRUE
S0177,1,802,TRUE,NA,TRUE,TRUE,TRUE
S0177,2,623,TRUE,NA,TRUE,TRUE,TRUE
S0177,3,207,TRUE,NA,TRUE,TRUE,TRUE
S0177,4,336,TRUE,NA,TRUE,TRUE,TRUE
S0178,1,425,TRUE,NA,TRUE,TRUE,TRUE
S0178,2,182,TRUE,NA,TRUE,TRUE,TRUE
S0178,3,168,TRUE,NA,TRUE,TRUE,TRUE
S0178,4,311,TRUE,NA,TRUE,TRUE,TRUE
S0179,1,861,TRUE,NA,TRUE,TRUE,TRUE
S0179,2,253,TRUE,NA,TRUE,TRUE,TRUE
S0179,3,293,TRUE,NA,TRUE,TRUE,TRUE
S0179,4,548,TRUE,NA,TRUE,TRUE,TRUE
S0180,1,114,FALSE,Did not complete phase,TRUE,FALSE,TRUE
S0181,1,577,TRUE,NA,TRUE,TRUE,TRUE
S0181,2,182,TRUE,NA,TRUE,TRUE,TRUE
S0181,3,182,TRUE,NA,TRUE,TRUE,TRUE
S0181,4,361,TRUE,NA,TRUE,TRUE,TRUE
S0182,1,590,TRUE,NA,TRUE,TRUE,TRUE
S0182,2,192,TRUE,NA,TRUE,TRUE,TRUE
S0182,3,151,TRUE,NA,TRUE,TRUE,TRUE
S0182,4,392,TRUE,NA,TRUE,TRUE,TRUE
S0183,1,953,TRUE,NA,TRUE,TRUE,TRUE
S0183,2,538,TRUE,NA,TRUE,TRUE,TRUE
S0183,3,1135,TRUE,NA,TRUE,TRUE,TRUE
S0183,4,561,TRUE,NA,TRUE,TRUE,TRUE
S0184,1,497,TRUE,NA,TRUE,TRUE,TRUE
S0184,2,220,TRUE,NA,TRUE,TRUE,TRUE
S0184,3,252,TRUE,NA,TRUE,TRUE,TRUE
S0184,4,339,TRUE,NA,TRUE,TRUE,TRUE
S0185,1,1162,TRUE,NA,TRUE,TRUE,TRUE
S0185,2,323,TRUE,NA,TRUE,TRUE,TRUE
S0185,3,233,TRUE,NA,TRUE,TRUE,TRUE
S0185,4,808,TRUE,NA,TRUE,TRUE,TRUE
S0186,1,666,TRUE,NA,TRUE,TRUE,TRUE
S0186,2,259,TRUE,NA,TRUE,TRUE,TRUE
S0186,3,269,TRUE,NA,TRUE,TRUE,TRUE
S0186,4,491,TRUE,NA,TRUE,TRUE,TRUE
S0187,1,731,TRUE,NA,TRUE,TRUE,TRUE
S0187,2,209,TRUE,NA,TRUE,TRUE,TRUE
S0187,3,268,TRUE,NA,TRUE,TRUE,TRUE
S0187,4,394,TRUE,NA,TRUE,TRUE,TRUE
S0188,1,829,TRUE,NA,TRUE,TRUE,TRUE
S0188,2,253,TRUE,NA,TRUE,TRUE,TRUE
S0188,3,238,TRUE,NA,TRUE,TRUE,TRUE
S0188,4,302,TRUE,NA,TRUE,TRUE,TRUE
S0189,1,652,TRUE,NA,TRUE,TRUE,TRUE
S0189,2,232,TRUE,NA,TRUE,TRUE,TRUE
S0189,3,210,TRUE,NA,TRUE,TRUE,TRUE
S0189,4,462,TRUE,NA,TRUE,TRUE,TRUE
S0190,1,861,TRUE,NA,TRUE,TRUE,TRUE
S0190,2,244,TRUE,NA,TRUE,TRUE,TRUE
S0190,3,316,TRUE,NA,TRUE,TRUE,TRUE
S0190,4,556,TRUE,NA,TRUE,TRUE,TRUE
S0191,1,847,TRUE,NA,TRUE,TRUE,TRUE
S0191,2,304,TRUE,NA,TRUE,TRUE,TRUE
S0191,3,327,TRUE,NA,TRUE,TRUE,TRUE
S0191,4,511,TRUE,NA,TRUE,TRUE,TRUE
S0192,1,758,TRUE,NA,TRUE,TRUE,TRUE
S0192,2,337,TRUE,NA,TRUE,TRUE,TRUE
S0192,3,303,TRUE,NA,TRUE,TRUE,TRUE
S0192,4,566,TRUE,NA,TRUE,TRUE,TRUE
S0193,1,933,TRUE,NA,TRUE,TRUE,TRUE
S0193,2,362,TRUE,NA,TRUE,TRUE,TRUE
S0193,3,370,TRUE,NA,TRUE,TRUE,TRUE
S0193,4,612,TRUE,NA,TRUE,TRUE,TRUE
S0194,1,1378,FALSE,Session was excluded,TRUE,TRUE,TRUE
S0194,2,244,FALSE,Session was excluded,TRUE,TRUE,TRUE
S0194,3,864,FALSE,Session was excluded,TRUE,TRUE,TRUE
S0194,4,2551,FALSE,Session was excluded,TRUE,TRUE,TRUE
S0195,1,476,TRUE,NA,TRUE,TRUE,TRUE
S0195,2,1345,TRUE,NA,TRUE,TRUE,TRUE
S0195,3,227,TRUE,NA,TRUE,TRUE,TRUE
S0195,4,320,TRUE,NA,TRUE,TRUE,TRUE
S0196,1,642,TRUE,NA,TRUE,TRUE,TRUE
S0196,2,198,TRUE,NA,TRUE,TRUE,TRUE
S0196,3,217,TRUE,NA,TRUE,TRUE,TRUE
S0196,4,386,TRUE,NA,TRUE,TRUE,TRUE
S0197,1,897,TRUE,NA,TRUE,TRUE,TRUE
S0197,2,302,TRUE,NA,TRUE,TRUE,TRUE
S0197,3,254,TRUE,NA,TRUE,TRUE,TRUE
S0198,1,673,TRUE,NA,TRUE,TRUE,TRUE
S0198,2,245,TRUE,NA,TRUE,TRUE,TRUE
S0198,3,199,TRUE,NA,TRUE,TRUE,TRUE
S0198,4,341,TRUE,NA,TRUE,TRUE,TRUE
S0199,1,942,TRUE,NA,TRUE,TRUE,TRUE
S0199,2,368,TRUE,NA,TRUE,TRUE,TRUE
S0199,3,415,TRUE,NA,TRUE,TRUE,TRUE
S0199,4,586,TRUE,NA,TRUE,TRUE,TRUE
S0200,1,47,FALSE,Did not complete phase,TRUE,FALSE,TRUE
S0201,1,894,TRUE,NA,TRUE,TRUE,TRUE
S0201,2,274,TRUE,NA,TRUE,TRUE,TRUE
S0201,3,221,TRUE,NA,TRUE,TRUE,TRUE
S0201,4,374,TRUE,NA,TRUE,TRUE,TRUE
S0202,1,497,TRUE,NA,TRUE,TRUE,TRUE
S0202,2,147,TRUE,NA,TRUE,TRUE,TRUE
S0202,3,620,TRUE,NA,TRUE,TRUE,TRUE
S0202,4,449,TRUE,NA,TRUE,TRUE,TRUE
S0203,1,835,TRUE,NA,TRUE,TRUE,TRUE
S0203,2,373,TRUE,NA,TRUE,TRUE,TRUE
S0203,3,293,TRUE,NA,TRUE,TRUE,TRUE
S0203,4,730,TRUE,NA,TRUE,TRUE,TRUE
S0204,1,681,TRUE,NA,TRUE,TRUE,TRUE
S0204,2,272,TRUE,NA,TRUE,TRUE,TRUE
S0204,3,361,TRUE,NA,TRUE,TRUE,TRUE
S0204,4,675,TRUE,NA,TRUE,TRUE,TRUE
S0205,1,703,TRUE,NA,TRUE,TRUE,TRUE
S0205,2,359,TRUE,NA,TRUE,TRUE,TRUE
S0205,3,266,TRUE,NA,TRUE,TRUE,TRUE
S0205,4,590,TRUE,NA,TRUE,TRUE,TRUE
S0206,1,NA,FALSE,Did not give consent for phase (or consent missing),FALSE,FALSE,TRUE
S0207,1,1211,TRUE,NA,TRUE,TRUE,TRUE
S0207,2,169,TRUE,NA,TRUE,TRUE,TRUE
S0207,3,155,TRUE,NA,TRUE,TRUE,TRUE
S0208,1,716,TRUE,NA,TRUE,TRUE,TRUE
S0208,2,401,TRUE,NA,TRUE,TRUE,TRUE
S0209,1,567,TRUE,NA,TRUE,TRUE,TRUE
S0209,2,196,TRUE,NA,TRUE,TRUE,TRUE
S0209,3,187,TRUE,NA,TRUE,TRUE,TRUE
S0209,4,443,TRUE,NA,TRUE,TRUE,TRUE
S0210,1,664,TRUE,NA,TRUE,TRUE,TRUE
S0210,2,226,TRUE,NA,TRUE,TRUE,TRUE
S0210,3,237,TRUE,NA,TRUE,TRUE,TRUE
S0210,4,685,TRUE,NA,TRUE,TRUE,TRUE
S0211,1,658,TRUE,NA,TRUE,TRUE,TRUE
S0211,2,422,TRUE,NA,TRUE,TRUE,TRUE
S0211,3,517,TRUE,NA,TRUE,TRUE,TRUE
S0211,4,845,TRUE,NA,TRUE,TRUE,TRUE
S0212,1,749,TRUE,NA,TRUE,TRUE,TRUE
S0212,2,251,TRUE,NA,TRUE,TRUE,TRUE
S0212,3,137,TRUE,NA,TRUE,TRUE,TRUE
S0212,4,226,TRUE,NA,TRUE,TRUE,TRUE
S0213,1,647,TRUE,NA,TRUE,TRUE,TRUE
S0213,2,801,TRUE,NA,TRUE,TRUE,TRUE
S0213,3,208,TRUE,NA,TRUE,TRUE,TRUE
S0213,4,381,TRUE,NA,TRUE,TRUE,TRUE
S0214,1,918,TRUE,NA,TRUE,TRUE,TRUE
S0215,1,706,TRUE,NA,TRUE,TRUE,TRUE
S0215,2,173,TRUE,NA,TRUE,TRUE,TRUE
S0215,3,169,TRUE,NA,TRUE,TRUE,TRUE
S0216,1,929,TRUE,NA,TRUE,TRUE,TRUE
S0216,2,305,TRUE,NA,TRUE,TRUE,TRUE
S0216,3,312,TRUE,NA,TRUE,TRUE,TRUE
S0216,4,573,TRUE,NA,TRUE,TRUE,TRUE
S0217,1,675,TRUE,NA,TRUE,TRUE,TRUE
S0217,2,304,TRUE,NA,TRUE,TRUE,TRUE
S0217,3,339,TRUE,NA,TRUE,TRUE,TRUE
S0217,4,640,TRUE,NA,TRUE,TRUE,TRUE
S0218,1,744,TRUE,NA,TRUE,TRUE,TRUE
S0218,2,293,TRUE,NA,TRUE,TRUE,TRUE
S0218,3,258,TRUE,NA,TRUE,TRUE,TRUE
S0218,4,469,TRUE,NA,TRUE,TRUE,TRUE
S0219,1,NA,FALSE,Did not give consent for phase (or consent missing),FALSE,FALSE,TRUE
S0220,1,732,TRUE,NA,TRUE,TRUE,TRUE
S0220,2,278,TRUE,NA,TRUE,TRUE,TRUE
S0220,3,347,TRUE,NA,TRUE,TRUE,TRUE
S0220,4,365,TRUE,NA,TRUE,TRUE,TRUE
S0221,1,695,TRUE,NA,TRUE,TRUE,TRUE
S0221,2,240,TRUE,NA,TRUE,TRUE,TRUE
S0221,3,266,TRUE,NA,TRUE,TRUE,TRUE
S0221,4,525,TRUE,NA,TRUE,TRUE,TRUE
S0222,1,963,TRUE,NA,TRUE,TRUE,TRUE
S0222,2,369,TRUE,NA,TRUE,TRUE,TRUE
S0222,3,315,TRUE,NA,TRUE,TRUE,TRUE
S0222,4,1302,TRUE,NA,TRUE,TRUE,TRUE
S0223,1,351,TRUE,NA,TRUE,TRUE,TRUE
S0223,2,133,TRUE,NA,TRUE,TRUE,TRUE
S0223,3,152,TRUE,NA,TRUE,TRUE,TRUE
S0223,4,190,TRUE,NA,TRUE,TRUE,TRUE
S0224,1,2367,TRUE,NA,TRUE,TRUE,TRUE
S0224,2,616,TRUE,NA,TRUE,TRUE,TRUE
S0224,3,603,TRUE,NA,TRUE,TRUE,TRUE
S0224,4,1400,TRUE,NA,TRUE,TRUE,TRUE
S0225,1,638,TRUE,NA,TRUE,TRUE,TRUE
S0225,2,169,TRUE,NA,TRUE,TRUE,TRUE
S0226,1,588,TRUE,NA,TRUE,TRUE,TRUE
S0226,2,250,TRUE,NA,TRUE,TRUE,TRUE
S0226,3,216,TRUE,NA,TRUE,TRUE,TRUE
S0226,4,311,TRUE,NA,TRUE,TRUE,TRUE
S0227,1,666,TRUE,NA,TRUE,TRUE,TRUE
S0227,2,411,TRUE,NA,TRUE,TRUE,TRUE
S0227,3,199,TRUE,NA,TRUE,TRUE,TRUE
S0227,4,685,TRUE,NA,TRUE,TRUE,TRUE
S0228,1,999,TRUE,NA,TRUE,TRUE,TRUE
S0228,2,341,TRUE,NA,TRUE,TRUE,TRUE
S0228,3,353,TRUE,NA,TRUE,TRUE,TRUE
S0228,4,749,TRUE,NA,TRUE,TRUE,TRUE
S0229,1,955,TRUE,NA,TRUE,TRUE,TRUE
S0229,2,253,TRUE,NA,TRUE,TRUE,TRUE
S0229,3,280,TRUE,NA,TRUE,TRUE,TRUE
S0229,4,531,TRUE,NA,TRUE,TRUE,TRUE
S0230,1,685,TRUE,NA,TRUE,TRUE,TRUE
S0230,2,313,TRUE,NA,TRUE,TRUE,TRUE
S0230,3,252,TRUE,NA,TRUE,TRUE,TRUE
S0230,4,351,TRUE,NA,TRUE,TRUE,TRUE
S0231,1,776,FALSE,Session was excluded,TRUE,TRUE,TRUE
S0231,2,702,FALSE,Session was excluded,TRUE,TRUE,TRUE
S0231,3,594,FALSE,Session was excluded,TRUE,TRUE,TRUE
S0231,4,2091,FALSE,Session was excluded,TRUE,TRUE,TRUE
S0232,1,1361,TRUE,NA,TRUE,TRUE,TRUE
S0232,2,774,TRUE,NA,TRUE,TRUE,TRUE
S0232,3,718,TRUE,NA,TRUE,TRUE,TRUE
S0232,4,1052,TRUE,NA,TRUE,TRUE,TRUE
S0233,1,676,TRUE,NA,TRUE,TRUE,TRUE
S0233,2,215,TRUE,NA,TRUE,TRUE,TRUE
S0233,3,220,TRUE,NA,TRUE,TRUE,TRUE
S0233,4,290,TRUE,NA,TRUE,TRUE,TRUE
S0234,1,895,FALSE,Session was excluded,TRUE,TRUE,TRUE
S0234,2,369,FALSE,Session was excluded,TRUE,TRUE,TRUE
S0234,3,791,FALSE,Session was excluded,TRUE,TRUE,TRUE
S0235,1,585,TRUE,NA,TRUE,TRUE,TRUE
S0235,2,266,TRUE,NA,TRUE,TRUE,TRUE
S0235,3,349,TRUE,NA,TRUE,TRUE,TRUE
S0235,4,274,TRUE,NA,TRUE,TRUE,TRUE
S0236,1,744,TRUE,NA,TRUE,TRUE,TRUE
S0236,2,327,TRUE,NA,TRUE,TRUE,TRUE
S0236,3,189,TRUE,NA,TRUE,TRUE,TRUE
S0236,4,322,TRUE,NA,TRUE,TRUE,TRUE
S0237,1,544,TRUE,NA,TRUE,TRUE,TRUE
S0237,2,219,TRUE,NA,TRUE,TRUE,TRUE
S0237,3,970,TRUE,NA,TRUE,TRUE,TRUE
S0237,4,308,TRUE,NA,TRUE,TRUE,TRUE
S0238,1,585,TRUE,NA,TRUE,TRUE,TRUE
S0238,2,303,TRUE,NA,TRUE,TRUE,TRUE
S0238,3,373,TRUE,NA,TRUE,TRUE,TRUE
S0238,4,639,TRUE,NA,TRUE,TRUE,TRUE
S0239,1,543,TRUE,NA,TRUE,TRUE,TRUE
S0239,2,180,TRUE,NA,TRUE,TRUE,TRUE
S0239,3,181,TRUE,NA,TRUE,TRUE,TRUE
S0239,4,240,TRUE,NA,TRUE,TRUE,TRUE
S0240,1,892,TRUE,NA,TRUE,TRUE,TRUE
S0240,2,399,TRUE,NA,TRUE,TRUE,TRUE
S0240,3,272,TRUE,NA,TRUE,TRUE,TRUE
S0240,4,302,TRUE,NA,TRUE,TRUE,TRUE
S0241,1,NA,FALSE,Did not give consent for phase (or consent missing),FALSE,FALSE,TRUE
S0242,1,1204,TRUE,NA,TRUE,TRUE,TRUE
S0242,2,282,TRUE,NA,TRUE,TRUE,TRUE
S0242,3,150,TRUE,NA,TRUE,TRUE,TRUE
S0242,4,236,TRUE,NA,TRUE,TRUE,TRUE
S0243,1,592,TRUE,NA,TRUE,TRUE,TRUE
S0243,2,155,TRUE,NA,TRUE,TRUE,TRUE
S0243,3,163,TRUE,NA,TRUE,TRUE,TRUE
S0243,4,374,TRUE,NA,TRUE,TRUE,TRUE
S0244,1,595,TRUE,NA,TRUE,TRUE,TRUE
S0244,2,128,TRUE,NA,TRUE,TRUE,TRUE
S0244,3,127,TRUE,NA,TRUE,TRUE,TRUE
S0244,4,261,TRUE,NA,TRUE,TRUE,TRUE
S0245,1,504,TRUE,NA,TRUE,TRUE,TRUE
S0245,2,168,TRUE,NA,TRUE,TRUE,TRUE
S0245,3,179,TRUE,NA,TRUE,TRUE,TRUE
S0245,4,281,TRUE,NA,TRUE,TRUE,TRUE
S0246,1,821,TRUE,NA,TRUE,TRUE,TRUE
S0246,2,592,FALSE,Did not complete phase,TRUE,FALSE,TRUE
S0247,1,714,TRUE,NA,TRUE,TRUE,TRUE
S0247,2,325,TRUE,NA,TRUE,TRUE,TRUE
S0247,3,353,TRUE,NA,TRUE,TRUE,TRUE
S0247,4,1046,TRUE,NA,TRUE,TRUE,TRUE
S0248,1,NA,FALSE,Session was excluded,TRUE,TRUE,TRUE
S0248,2,NA,FALSE,Session was excluded,TRUE,TRUE,TRUE
S0248,3,NA,FALSE,Session was excluded,TRUE,TRUE,TRUE
S0248,4,NA,FALSE,Session was excluded,TRUE,TRUE,TRUE
S0249,1,NA,FALSE,Session was excluded,TRUE,TRUE,TRUE
S0250,1,915,TRUE,NA,TRUE,TRUE,TRUE
S0250,2,431,TRUE,NA,TRUE,TRUE,TRUE
S0250,3,308,TRUE,NA,TRUE,TRUE,TRUE
S0250,4,690,TRUE,NA,TRUE,TRUE,TRUE
S0251,1,614,TRUE,NA,TRUE,TRUE,TRUE
S0251,2,144,TRUE,NA,TRUE,TRUE,TRUE
S0251,3,197,TRUE,NA,TRUE,TRUE,TRUE
S0251,4,478,TRUE,NA,TRUE,TRUE,TRUE
S0252,1,707,TRUE,NA,TRUE,TRUE,TRUE
S0252,2,332,TRUE,NA,TRUE,TRUE,TRUE
S0252,3,315,TRUE,NA,TRUE,TRUE,TRUE
S0252,4,367,TRUE,NA,TRUE,TRUE,TRUE
S0253,1,606,TRUE,NA,TRUE,TRUE,TRUE
S0253,2,202,TRUE,NA,TRUE,TRUE,TRUE
S0253,3,255,TRUE,NA,TRUE,TRUE,TRUE
S0253,4,331,TRUE,NA,TRUE,TRUE,TRUE
S0254,1,732,TRUE,NA,TRUE,TRUE,TRUE
S0254,2,320,TRUE,NA,TRUE,TRUE,TRUE
S0254,3,253,TRUE,NA,TRUE,TRUE,TRUE
S0254,4,386,TRUE,NA,TRUE,TRUE,TRUE
S0255,1,543,TRUE,NA,TRUE,TRUE,TRUE
S0255,2,221,TRUE,NA,TRUE,TRUE,TRUE
S0255,3,450,TRUE,NA,TRUE,TRUE,TRUE
S0255,4,289,TRUE,NA,TRUE,TRUE,TRUE
S0256,1,NA,FALSE,Session was excluded,TRUE,TRUE,TRUE
S0257,1,1109,TRUE,NA,TRUE,TRUE,TRUE
S0257,2,319,TRUE,NA,TRUE,TRUE,TRUE
S0258,1,698,TRUE,NA,TRUE,TRUE,TRUE
S0258,2,310,TRUE,NA,TRUE,TRUE,TRUE
S0258,3,330,TRUE,NA,TRUE,TRUE,TRUE
S0258,4,470,TRUE,NA,TRUE,TRUE,TRUE
S0259,1,764,TRUE,NA,TRUE,TRUE,TRUE
S0259,2,165,TRUE,NA,TRUE,TRUE,TRUE
S0259,3,205,TRUE,NA,TRUE,TRUE,TRUE
S0259,4,877,TRUE,NA,TRUE,TRUE,TRUE
S0260,1,645,TRUE,NA,TRUE,TRUE,TRUE
S0260,2,319,TRUE,NA,TRUE,TRUE,TRUE
S0260,3,232,TRUE,NA,TRUE,TRUE,TRUE
S0260,4,527,TRUE,NA,TRUE,TRUE,TRUE
S0261,1,704,TRUE,NA,TRUE,TRUE,TRUE
S0261,2,212,TRUE,NA,TRUE,TRUE,TRUE
S0261,3,492,TRUE,NA,TRUE,TRUE,TRUE
S0261,4,970,TRUE,NA,TRUE,TRUE,TRUE
S0262,1,1105,TRUE,NA,TRUE,TRUE,TRUE
S0262,2,226,TRUE,NA,TRUE,TRUE,TRUE
S0262,3,222,TRUE,NA,TRUE,TRUE,TRUE
S0262,4,437,TRUE,NA,TRUE,TRUE,TRUE
S0263,1,748,FALSE,Session was excluded,TRUE,TRUE,TRUE
S0263,2,262,FALSE,Session was excluded,TRUE,TRUE,TRUE
S0263,3,184,FALSE,Session was excluded,TRUE,TRUE,TRUE
S0264,1,1725,TRUE,NA,TRUE,TRUE,TRUE
S0264,2,364,TRUE,NA,TRUE,TRUE,TRUE
S0264,3,1026,TRUE,NA,TRUE,TRUE,TRUE
S0264,4,879,TRUE,NA,TRUE,TRUE,TRUE
S0265,1,907,TRUE,NA,TRUE,TRUE,TRUE
S0265,2,213,TRUE,NA,TRUE,TRUE,TRUE
S0265,3,844,TRUE,NA,TRUE,TRUE,TRUE
S0265,4,932,TRUE,NA,TRUE,TRUE,TRUE
S0266,1,745,TRUE,NA,TRUE,TRUE,TRUE
S0266,2,302,TRUE,NA,TRUE,TRUE,TRUE
S0266,3,278,TRUE,NA,TRUE,TRUE,TRUE
S0266,4,1084,TRUE,NA,TRUE,TRUE,TRUE
S0267,1,NA,FALSE,Session was excluded,TRUE,TRUE,TRUE
S0268,1,716,TRUE,NA,TRUE,TRUE,TRUE
S0268,2,473,TRUE,NA,TRUE,TRUE,TRUE
S0268,3,281,TRUE,NA,TRUE,TRUE,TRUE
S0268,4,389,TRUE,NA,TRUE,TRUE,TRUE
S0269,1,555,TRUE,NA,TRUE,TRUE,TRUE
S0269,2,281,TRUE,NA,TRUE,TRUE,TRUE
S0269,3,182,TRUE,NA,TRUE,TRUE,TRUE
S0269,4,453,TRUE,NA,TRUE,TRUE,TRUE
S0270,1,1361,TRUE,NA,TRUE,TRUE,TRUE
S0270,2,371,TRUE,NA,TRUE,TRUE,TRUE
S0270,3,240,TRUE,NA,TRUE,TRUE,TRUE
S0270,4,296,TRUE,NA,TRUE,TRUE,TRUE
S0271,1,489,TRUE,NA,TRUE,TRUE,TRUE
S0271,2,166,TRUE,NA,TRUE,TRUE,TRUE
S0271,3,165,TRUE,NA,TRUE,TRUE,TRUE
S0271,4,288,TRUE,NA,TRUE,TRUE,TRUE
S0272,1,937,TRUE,NA,TRUE,TRUE,TRUE
S0272,2,379,TRUE,NA,TRUE,TRUE,TRUE
S0272,3,352,TRUE,NA,TRUE,TRUE,TRUE
S0272,4,797,TRUE,NA,TRUE,TRUE,TRUE
S0273,1,906,TRUE,NA,TRUE,TRUE,TRUE
S0273,2,399,TRUE,NA,TRUE,TRUE,TRUE
S0273,3,231,TRUE,NA,TRUE,TRUE,TRUE
S0273,4,333,TRUE,NA,TRUE,TRUE,TRUE
S0274,1,861,TRUE,NA,TRUE,TRUE,TRUE
S0274,2,247,TRUE,NA,TRUE,TRUE,TRUE
S0274,3,212,TRUE,NA,TRUE,TRUE,TRUE
S0274,4,517,TRUE,NA,TRUE,TRUE,TRUE
S0275,1,674,TRUE,NA,TRUE,TRUE,TRUE
S0275,2,198,TRUE,NA,TRUE,TRUE,TRUE
S0275,3,236,TRUE,NA,TRUE,TRUE,TRUE
S0275,4,276,TRUE,NA,TRUE,TRUE,TRUE
S0276,1,839,TRUE,NA,TRUE,TRUE,TRUE
S0276,2,304,TRUE,NA,TRUE,TRUE,TRUE
S0276,3,395,TRUE,NA,TRUE,TRUE,TRUE
S0276,4,576,TRUE,NA,TRUE,TRUE,TRUE
S0277,1,531,TRUE,NA,TRUE,TRUE,TRUE
S0277,2,120,TRUE,NA,TRUE,TRUE,TRUE
S0277,3,220,TRUE,NA,TRUE,TRUE,TRUE
S0277,4,301,TRUE,NA,TRUE,TRUE,TRUE
S0278,1,1685,TRUE,NA,TRUE,TRUE,TRUE
S0278,2,622,TRUE,NA,TRUE,TRUE,TRUE
S0278,3,412,TRUE,NA,TRUE,TRUE,TRUE
S0278,4,1200,TRUE,NA,TRUE,TRUE,TRUE
S0279,1,1617,TRUE,NA,TRUE,TRUE,TRUE
S0279,2,264,TRUE,NA,TRUE,TRUE,TRUE
S0279,3,273,TRUE,NA,TRUE,TRUE,TRUE
S0279,4,315,TRUE,NA,TRUE,TRUE,TRUE
S0280,1,542,TRUE,NA,TRUE,TRUE,TRUE
S0281,1,691,TRUE,NA,TRUE,TRUE,TRUE
S0281,2,282,TRUE,NA,TRUE,TRUE,TRUE
S0281,3,233,TRUE,NA,TRUE,TRUE,TRUE
S0281,4,583,TRUE,NA,TRUE,TRUE,TRUE
S0282,1,705,TRUE,NA,TRUE,TRUE,TRUE
S0282,2,311,TRUE,NA,TRUE,TRUE,TRUE
S0282,3,186,TRUE,NA,TRUE,TRUE,TRUE
S0282,4,291,TRUE,NA,TRUE,TRUE,TRUE
S0283,1,792,TRUE,NA,TRUE,TRUE,TRUE
S0283,2,239,TRUE,NA,TRUE,TRUE,TRUE
S0283,3,258,TRUE,NA,TRUE,TRUE,TRUE
S0283,4,577,TRUE,NA,TRUE,TRUE,TRUE
S0284,1,649,TRUE,NA,TRUE,TRUE,TRUE
S0284,2,441,TRUE,NA,TRUE,TRUE,TRUE
S0284,3,288,TRUE,NA,TRUE,TRUE,TRUE
S0284,4,375,TRUE,NA,TRUE,TRUE,TRUE
S0285,1,682,TRUE,NA,TRUE,TRUE,TRUE
S0285,2,380,TRUE,NA,TRUE,TRUE,TRUE
S0285,3,244,TRUE,NA,TRUE,TRUE,TRUE
S0285,4,503,TRUE,NA,TRUE,TRUE,TRUE
S0286,1,517,TRUE,NA,TRUE,TRUE,TRUE
S0286,2,214,TRUE,NA,TRUE,TRUE,TRUE
S0286,3,190,TRUE,NA,TRUE,TRUE,TRUE
S0286,4,269,TRUE,NA,TRUE,TRUE,TRUE
S0287,1,860,TRUE,NA,TRUE,TRUE,TRUE
S0287,2,370,TRUE,NA,TRUE,TRUE,TRUE
S0287,3,426,TRUE,NA,TRUE,TRUE,TRUE
S0287,4,600,TRUE,NA,TRUE,TRUE,TRUE
S0288,1,468,TRUE,NA,TRUE,TRUE,TRUE
S0288,2,265,TRUE,NA,TRUE,TRUE,TRUE
S0288,3,276,TRUE,NA,TRUE,TRUE,TRUE
S0288,4,580,TRUE,NA,TRUE,TRUE,TRUE
S0289,1,671,TRUE,NA,TRUE,TRUE,TRUE
S0289,2,277,TRUE,NA,TRUE,TRUE,TRUE
S0289,3,204,TRUE,NA,TRUE,TRUE,TRUE
S0289,4,357,TRUE,NA,TRUE,TRUE,TRUE
S0290,1,540,TRUE,NA,TRUE,TRUE,TRUE
S0290,2,174,TRUE,NA,TRUE,TRUE,TRUE
S0290,3,211,TRUE,NA,TRUE,TRUE,TRUE
S0290,4,662,TRUE,NA,TRUE,TRUE,TRUE
S0291,1,714,TRUE,NA,TRUE,TRUE,TRUE
S0291,2,509,TRUE,NA,TRUE,TRUE,TRUE
S0291,3,287,TRUE,NA,TRUE,TRUE,TRUE
S0291,4,595,TRUE,NA,TRUE,TRUE,TRUE
S0292,1,472,TRUE,NA,TRUE,TRUE,TRUE
S0292,2,165,TRUE,NA,TRUE,TRUE,TRUE
S0292,3,175,TRUE,NA,TRUE,TRUE,TRUE
S0292,4,198,TRUE,NA,TRUE,TRUE,TRUE
S0293,1,749,TRUE,NA,TRUE,TRUE,TRUE
S0293,2,174,TRUE,NA,TRUE,TRUE,TRUE
S0293,3,195,TRUE,NA,TRUE,TRUE,TRUE
S0293,4,255,TRUE,NA,TRUE,TRUE,TRUE
S0294,1,703,TRUE,NA,TRUE,TRUE,TRUE
S0294,2,300,TRUE,NA,TRUE,TRUE,TRUE
S0294,3,404,TRUE,NA,TRUE,TRUE,TRUE
S0294,4,355,TRUE,NA,TRUE,TRUE,TRUE
S0295,1,571,TRUE,NA,TRUE,TRUE,TRUE
S0295,2,171,TRUE,NA,TRUE,TRUE,TRUE
S0295,3,168,TRUE,NA,TRUE,TRUE,TRUE
S0295,4,410,TRUE,NA,TRUE,TRUE,TRUE
S0296,1,603,TRUE,NA,TRUE,TRUE,TRUE
S0296,2,244,TRUE,NA,TRUE,TRUE,TRUE
S0296,3,292,TRUE,NA,TRUE,TRUE,TRUE
S0296,4,564,TRUE,NA,TRUE,TRUE,TRUE
S0297,1,734,FALSE,Session was excluded,TRUE,TRUE,TRUE
S0298,1,1162,TRUE,NA,TRUE,TRUE,TRUE
S0298,2,185,TRUE,NA,TRUE,TRUE,TRUE
S0298,3,539,TRUE,NA,TRUE,TRUE,TRUE
S0298,4,255,TRUE,NA,TRUE,TRUE,TRUE
S0299,1,817,TRUE,NA,TRUE,TRUE,TRUE
S0299,2,260,TRUE,NA,TRUE,TRUE,TRUE
S0299,3,227,TRUE,NA,TRUE,TRUE,TRUE
S0299,4,401,TRUE,NA,TRUE,TRUE,TRUE
S0300,1,928,TRUE,NA,TRUE,TRUE,TRUE
S0300,2,187,TRUE,NA,TRUE,TRUE,TRUE
S0300,3,183,TRUE,NA,TRUE,TRUE,TRUE
S0300,4,456,TRUE,NA,TRUE,TRUE,TRUE
S0301,1,543,TRUE,NA,TRUE,TRUE,TRUE
S0301,2,194,TRUE,NA,TRUE,TRUE,TRUE
S0301,3,181,TRUE,NA,TRUE,TRUE,TRUE
S0301,4,480,TRUE,NA,TRUE,TRUE,TRUE
S0302,1,1259,TRUE,NA,TRUE,TRUE,TRUE
S0302,2,259,TRUE,NA,TRUE,TRUE,TRUE
S0302,3,312,TRUE,NA,TRUE,TRUE,TRUE
S0302,4,621,TRUE,NA,TRUE,TRUE,TRUE
S0303,1,1102,TRUE,NA,TRUE,TRUE,TRUE
S0303,2,354,TRUE,NA,TRUE,TRUE,TRUE
S0303,3,340,TRUE,NA,TRUE,TRUE,TRUE
S0303,4,388,TRUE,NA,TRUE,TRUE,TRUE
S0304,1,1021,TRUE,NA,TRUE,TRUE,TRUE
S0304,2,440,TRUE,NA,TRUE,TRUE,TRUE
S0304,3,370,TRUE,NA,TRUE,TRUE,TRUE
S0304,4,611,TRUE,NA,TRUE,TRUE,TRUE
S0305,1,941,TRUE,NA,TRUE,TRUE,TRUE
S0305,2,346,TRUE,NA,TRUE,TRUE,TRUE
S0305,3,330,TRUE,NA,TRUE,TRUE,TRUE
S0305,4,653,TRUE,NA,TRUE,TRUE,TRUE
S0306,1,826,TRUE,NA,TRUE,TRUE,TRUE
S0306,2,268,TRUE,NA,TRUE,TRUE,TRUE
S0306,3,369,TRUE,NA,TRUE,TRUE,TRUE
S0306,4,825,TRUE,NA,TRUE,TRUE,TRUE
S0307,1,2148,FALSE,Session was excluded,TRUE,TRUE,TRUE
S0308,1,445,TRUE,NA,TRUE,TRUE,TRUE
S0308,2,158,TRUE,NA,TRUE,TRUE,TRUE
S0308,3,137,TRUE,NA,TRUE,TRUE,TRUE
S0308,4,227,TRUE,NA,TRUE,TRUE,TRUE
S0309,1,641,TRUE,NA,TRUE,TRUE,TRUE
S0309,2,198,TRUE,NA,TRUE,TRUE,TRUE
S0309,3,208,TRUE,NA,TRUE,TRUE,TRUE
S0309,4,532,TRUE,NA,TRUE,TRUE,TRUE
S0310,1,2562,FALSE,Session was excluded,TRUE,TRUE,TRUE
S0311,1,687,TRUE,NA,TRUE,TRUE,TRUE
S0311,2,217,TRUE,NA,TRUE,TRUE,TRUE
S0311,3,197,TRUE,NA,TRUE,TRUE,TRUE
S0311,4,306,TRUE,NA,TRUE,TRUE,TRUE
S0312,1,682,TRUE,NA,TRUE,TRUE,TRUE
S0312,2,283,TRUE,NA,TRUE,TRUE,TRUE
S0312,3,235,TRUE,NA,TRUE,TRUE,TRUE
S0312,4,462,TRUE,NA,TRUE,TRUE,TRUE
S0313,1,838,FALSE,Session was excluded,TRUE,TRUE,TRUE
S0313,2,283,FALSE,Session was excluded,TRUE,TRUE,TRUE
S0313,3,378,FALSE,Session was excluded,TRUE,TRUE,TRUE
S0313,4,1861,FALSE,Session was excluded,TRUE,TRUE,TRUE
S0314,1,859,TRUE,NA,TRUE,TRUE,TRUE
S0314,2,266,TRUE,NA,TRUE,TRUE,TRUE
S0314,3,245,TRUE,NA,TRUE,TRUE,TRUE
S0314,4,584,TRUE,NA,TRUE,TRUE,TRUE
S0315,1,NA,FALSE,Session was excluded,TRUE,TRUE,TRUE
S0316,1,516,TRUE,NA,TRUE,TRUE,TRUE
S0316,2,241,TRUE,NA,TRUE,TRUE,TRUE
S0316,3,180,TRUE,NA,TRUE,TRUE,TRUE
S0316,4,352,TRUE,NA,TRUE,TRUE,TRUE
S0317,1,560,TRUE,NA,TRUE,TRUE,TRUE
S0317,2,290,TRUE,NA,TRUE,TRUE,TRUE
S0317,3,247,TRUE,NA,TRUE,TRUE,TRUE
S0317,4,500,TRUE,NA,TRUE,TRUE,TRUE
S0318,1,NA,FALSE,Did not give consent for phase (or consent missing),FALSE,FALSE,TRUE
S0319,1,1193,TRUE,NA,TRUE,TRUE,TRUE
S0319,2,1084,TRUE,NA,TRUE,TRUE,TRUE
S0319,3,825,TRUE,NA,TRUE,TRUE,TRUE
S0319,4,1597,TRUE,NA,TRUE,TRUE,TRUE
S0320,1,604,TRUE,NA,TRUE,TRUE,TRUE
S0320,2,158,TRUE,NA,TRUE,TRUE,TRUE
S0320,3,428,TRUE,NA,TRUE,TRUE,TRUE
S0320,4,261,TRUE,NA,TRUE,TRUE,TRUE
S0321,1,443,TRUE,NA,TRUE,TRUE,TRUE
S0321,2,192,TRUE,NA,TRUE,TRUE,TRUE
S0321,3,192,TRUE,NA,TRUE,TRUE,TRUE
S0321,4,246,TRUE,NA,TRUE,TRUE,TRUE
S0322,1,1331,TRUE,NA,TRUE,TRUE,TRUE
S0322,2,352,TRUE,NA,TRUE,TRUE,TRUE
S0322,3,400,TRUE,NA,TRUE,TRUE,TRUE
S0322,4,512,TRUE,NA,TRUE,TRUE,TRUE
S0323,1,1482,FALSE,Session was excluded,TRUE,TRUE,TRUE
S0323,2,481,FALSE,Session was excluded,TRUE,TRUE,TRUE
S0323,3,373,FALSE,Session was excluded,TRUE,TRUE,TRUE
S0323,4,344,FALSE,Session was excluded,TRUE,TRUE,TRUE
S0324,1,788,TRUE,NA,TRUE,TRUE,TRUE
S0324,2,207,TRUE,NA,TRUE,TRUE,TRUE
S0324,3,247,TRUE,NA,TRUE,TRUE,TRUE
S0324,4,367,TRUE,NA,TRUE,TRUE,TRUE
S0325,1,958,TRUE,NA,TRUE,TRUE,TRUE
S0325,2,434,TRUE,NA,TRUE,TRUE,TRUE
S0325,3,332,TRUE,NA,TRUE,TRUE,TRUE
S0325,4,586,TRUE,NA,TRUE,TRUE,TRUE
S0326,1,747,TRUE,NA,TRUE,TRUE,TRUE
S0326,2,165,TRUE,NA,TRUE,TRUE,TRUE
S0326,3,204,TRUE,NA,TRUE,TRUE,TRUE
S0326,4,439,TRUE,NA,TRUE,TRUE,TRUE
S0327,1,421,TRUE,NA,TRUE,TRUE,TRUE
S0328,1,744,TRUE,NA,TRUE,TRUE,TRUE
S0328,2,304,TRUE,NA,TRUE,TRUE,TRUE
S0328,3,311,TRUE,NA,TRUE,TRUE,TRUE
S0328,4,498,TRUE,NA,TRUE,TRUE,TRUE
S0329,1,1233,TRUE,NA,TRUE,TRUE,TRUE
S0330,1,728,TRUE,NA,TRUE,TRUE,TRUE
S0330,2,292,TRUE,NA,TRUE,TRUE,TRUE
S0330,3,527,TRUE,NA,TRUE,TRUE,TRUE
S0330,4,552,TRUE,NA,TRUE,TRUE,TRUE
S0331,1,952,TRUE,NA,TRUE,TRUE,TRUE
S0331,2,254,TRUE,NA,TRUE,TRUE,TRUE
S0331,3,188,TRUE,NA,TRUE,TRUE,TRUE
S0331,4,379,TRUE,NA,TRUE,TRUE,TRUE
S0332,1,1186,TRUE,NA,TRUE,TRUE,TRUE
S0332,2,176,TRUE,NA,TRUE,TRUE,TRUE
S0332,3,1359,FALSE,Did not complete phase,TRUE,FALSE,TRUE
S0333,1,NA,FALSE,Did not give consent for phase (or consent missing),FALSE,FALSE,TRUE
S0334,1,1376,TRUE,NA,TRUE,TRUE,TRUE
S0334,2,206,TRUE,NA,TRUE,TRUE,TRUE
S0334,3,174,TRUE,NA,TRUE,TRUE,TRUE
S0334,4,325,TRUE,NA,TRUE,TRUE,TRUE
S0335,1,1059,TRUE,NA,TRUE,TRUE,TRUE
S0335,2,568,TRUE,NA,TRUE,TRUE,TRUE
S0335,3,517,TRUE,NA,TRUE,TRUE,TRUE
S0335,4,1098,TRUE,NA,TRUE,TRUE,TRUE
S0336,1,751,TRUE,NA,TRUE,TRUE,TRUE
S0336,2,397,TRUE,NA,TRUE,TRUE,TRUE
S0336,3,407,TRUE,NA,TRUE,TRUE,TRUE
S0336,4,368,TRUE,NA,TRUE,TRUE,TRUE
S0337,1,1983,FALSE,Did not complete phase,TRUE,FALSE,TRUE
S0338,1,628,TRUE,NA,TRUE,TRUE,TRUE
S0338,2,180,TRUE,NA,TRUE,TRUE,TRUE
S0338,3,168,TRUE,NA,TRUE,TRUE,TRUE
S0338,4,305,TRUE,NA,TRUE,TRUE,TRUE
S0339,1,617,TRUE,NA,TRUE,TRUE,TRUE
S0339,2,182,TRUE,NA,TRUE,TRUE,TRUE
S0339,3,193,TRUE,NA,TRUE,TRUE,TRUE
S0339,4,303,TRUE,NA,TRUE,TRUE,TRUE
S0340,1,1889,TRUE,NA,TRUE,TRUE,TRUE
S0340,2,526,TRUE,NA,TRUE,TRUE,TRUE
S0340,3,534,TRUE,NA,TRUE,TRUE,TRUE
S0340,4,968,TRUE,NA,TRUE,TRUE,TRUE
S0341,1,933,TRUE,NA,TRUE,TRUE,TRUE
S0341,2,124,TRUE,NA,TRUE,TRUE,TRUE
S0341,3,637,TRUE,NA,TRUE,TRUE,TRUE
S0341,4,306,TRUE,NA,TRUE,TRUE,TRUE
S0342,1,689,TRUE,NA,TRUE,TRUE,TRUE
S0342,2,271,TRUE,NA,TRUE,TRUE,TRUE
S0342,3,230,TRUE,NA,TRUE,TRUE,TRUE
S0342,4,416,TRUE,NA,TRUE,TRUE,TRUE
S0343,1,710,TRUE,NA,TRUE,TRUE,TRUE
S0343,2,347,TRUE,NA,TRUE,TRUE,TRUE
S0343,3,362,TRUE,NA,TRUE,TRUE,TRUE
S0343,4,1093,TRUE,NA,TRUE,TRUE,TRUE
S0344,1,633,TRUE,NA,TRUE,TRUE,TRUE
S0344,2,181,TRUE,NA,TRUE,TRUE,TRUE
S0344,3,890,TRUE,NA,TRUE,TRUE,TRUE
S0344,4,245,TRUE,NA,TRUE,TRUE,TRUE
S0345,1,850,TRUE,NA,TRUE,TRUE,TRUE
S0345,2,165,TRUE,NA,TRUE,TRUE,TRUE
S0345,3,170,TRUE,NA,TRUE,TRUE,TRUE
S0345,4,1325,TRUE,NA,TRUE,TRUE,TRUE
S0346,1,926,TRUE,NA,TRUE,TRUE,TRUE
S0346,2,393,TRUE,NA,TRUE,TRUE,TRUE
S0346,3,328,TRUE,NA,TRUE,TRUE,TRUE
S0346,4,803,TRUE,NA,TRUE,TRUE,TRUE
S0347,1,963,TRUE,NA,TRUE,TRUE,TRUE
S0347,2,418,TRUE,NA,TRUE,TRUE,TRUE
S0347,3,404,TRUE,NA,TRUE,TRUE,TRUE
S0347,4,662,TRUE,NA,TRUE,TRUE,TRUE
S0348,1,1298,TRUE,NA,TRUE,TRUE,TRUE
S0348,2,304,TRUE,NA,TRUE,TRUE,TRUE
S0348,3,289,TRUE,NA,TRUE,TRUE,TRUE
S0348,4,555,TRUE,NA,TRUE,TRUE,TRUE
S0349,1,853,TRUE,NA,TRUE,TRUE,TRUE
S0349,2,444,TRUE,NA,TRUE,TRUE,TRUE
S0349,3,368,TRUE,NA,TRUE,TRUE,TRUE
S0349,4,528,TRUE,NA,TRUE,TRUE,TRUE
S0350,1,694,TRUE,NA,TRUE,TRUE,TRUE
S0350,2,182,TRUE,NA,TRUE,TRUE,TRUE
S0350,3,203,TRUE,NA,TRUE,TRUE,TRUE
S0350,4,382,TRUE,NA,TRUE,TRUE,TRUE
S0351,1,884,TRUE,NA,TRUE,TRUE,TRUE
S0351,2,331,TRUE,NA,TRUE,TRUE,TRUE
S0351,3,376,TRUE,NA,TRUE,TRUE,TRUE
S0351,4,720,TRUE,NA,TRUE,TRUE,TRUE
S0352,1,1054,TRUE,NA,TRUE,TRUE,TRUE
S0352,2,471,TRUE,NA,TRUE,TRUE,TRUE
S0352,3,537,TRUE,NA,TRUE,TRUE,TRUE
S0352,4,872,TRUE,NA,TRUE,TRUE,TRUE
S0353,1,738,TRUE,NA,TRUE,TRUE,TRUE
S0353,2,341,TRUE,NA,TRUE,TRUE,TRUE
S0353,3,291,TRUE,NA,TRUE,TRUE,TRUE
S0353,4,463,TRUE,NA,TRUE,TRUE,TRUE
S0354,1,911,TRUE,NA,TRUE,TRUE,TRUE
S0354,2,279,TRUE,NA,TRUE,TRUE,TRUE
S0354,3,291,TRUE,NA,TRUE,TRUE,TRUE
S0354,4,518,TRUE,NA,TRUE,TRUE,TRUE
S0355,1,707,TRUE,NA,TRUE,TRUE,TRUE
S0355,2,160,TRUE,NA,TRUE,TRUE,TRUE
S0355,3,205,TRUE,NA,TRUE,TRUE,TRUE
S0355,4,388,TRUE,NA,TRUE,TRUE,TRUE
S0356,1,792,TRUE,NA,TRUE,TRUE,TRUE
S0357,1,753,TRUE,NA,TRUE,TRUE,TRUE
S0357,2,285,TRUE,NA,TRUE,TRUE,TRUE
S0357,3,464,TRUE,NA,TRUE,TRUE,TRUE
S0357,4,434,TRUE,NA,TRUE,TRUE,TRUE
S0358,1,1035,TRUE,NA,TRUE,TRUE,TRUE
S0358,2,325,TRUE,NA,TRUE,TRUE,TRUE
S0358,3,276,TRUE,NA,TRUE,TRUE,TRUE
S0358,4,790,TRUE,NA,TRUE,TRUE,TRUE
S0359,1,777,TRUE,NA,TRUE,TRUE,TRUE
S0359,2,236,TRUE,NA,TRUE,TRUE,TRUE
S0359,3,295,TRUE,NA,TRUE,TRUE,TRUE
S0359,4,502,TRUE,NA,TRUE,TRUE,TRUE
S0360,1,550,TRUE,NA,TRUE,TRUE,TRUE
S0360,2,193,TRUE,NA,TRUE,TRUE,TRUE
S0360,3,120,TRUE,NA,TRUE,TRUE,TRUE
S0360,4,231,TRUE,NA,TRUE,TRUE,TRUE
S0361,1,1332,TRUE,NA,TRUE,TRUE,TRUE
S0361,2,226,TRUE,NA,TRUE,TRUE,TRUE
S0361,3,385,TRUE,NA,TRUE,TRUE,TRUE
S0361,4,377,TRUE,NA,TRUE,TRUE,TRUE
S0362,1,693,TRUE,NA,TRUE,TRUE,TRUE
S0362,2,218,TRUE,NA,TRUE,TRUE,TRUE
S0362,3,246,TRUE,NA,TRUE,TRUE,TRUE
S0362,4,451,TRUE,NA,TRUE,TRUE,TRUE
S0363,1,1476,TRUE,NA,TRUE,TRUE,TRUE
S0363,2,456,TRUE,NA,TRUE,TRUE,TRUE
S0363,3,441,TRUE,NA,TRUE,TRUE,TRUE
S0363,4,805,TRUE,NA,TRUE,TRUE,TRUE
S0364,1,841,TRUE,NA,TRUE,TRUE,TRUE
S0364,2,204,TRUE,NA,TRUE,TRUE,TRUE
S0364,3,301,TRUE,NA,TRUE,TRUE,TRUE
S0364,4,508,TRUE,NA,TRUE,TRUE,TRUE
S0365,1,795,TRUE,NA,TRUE,TRUE,TRUE
S0365,2,220,TRUE,NA,TRUE,TRUE,TRUE
S0365,3,338,TRUE,NA,TRUE,TRUE,TRUE
S0365,4,644,TRUE,NA,TRUE,TRUE,TRUE
S0366,1,931,TRUE,NA,TRUE,TRUE,TRUE
S0366,2,227,TRUE,NA,TRUE,TRUE,TRUE
S0366,3,310,TRUE,NA,TRUE,TRUE,TRUE
S0366,4,580,TRUE,NA,TRUE,TRUE,TRUE
S0367,1,537,TRUE,NA,TRUE,TRUE,TRUE
S0367,2,167,TRUE,NA,TRUE,TRUE,TRUE
S0367,3,143,TRUE,NA,TRUE,TRUE,TRUE
S0367,4,222,TRUE,NA,TRUE,TRUE,TRUE
S0368,1,3769,FALSE,Session was excluded,TRUE,TRUE,TRUE
S0369,1,603,TRUE,NA,TRUE,TRUE,TRUE
S0369,2,629,TRUE,NA,TRUE,TRUE,TRUE
S0369,3,201,TRUE,NA,TRUE,TRUE,TRUE
S0369,4,388,TRUE,NA,TRUE,TRUE,TRUE
S0370,1,1031,TRUE,NA,TRUE,TRUE,TRUE
S0370,2,271,TRUE,NA,TRUE,TRUE,TRUE
S0370,3,263,TRUE,NA,TRUE,TRUE,TRUE
S0370,4,455,TRUE,NA,TRUE,TRUE,TRUE
S0371,1,911,TRUE,NA,TRUE,TRUE,TRUE
S0371,2,377,TRUE,NA,TRUE,TRUE,TRUE
S0371,3,298,TRUE,NA,TRUE,TRUE,TRUE
S0371,4,1405,TRUE,NA,TRUE,TRUE,TRUE
S0372,1,752,TRUE,NA,TRUE,TRUE,TRUE
S0372,2,576,TRUE,NA,TRUE,TRUE,TRUE
S0372,3,276,TRUE,NA,TRUE,TRUE,TRUE
S0372,4,277,TRUE,NA,TRUE,TRUE,TRUE
S0373,1,751,TRUE,NA,TRUE,TRUE,TRUE
S0373,2,204,TRUE,NA,TRUE,TRUE,TRUE
S0373,3,208,TRUE,NA,TRUE,TRUE,TRUE
S0373,4,662,TRUE,NA,TRUE,TRUE,TRUE
S0374,1,828,TRUE,NA,TRUE,TRUE,TRUE
S0374,2,341,TRUE,NA,TRUE,TRUE,TRUE
S0374,3,242,TRUE,NA,TRUE,TRUE,TRUE
S0374,4,597,TRUE,NA,TRUE,TRUE,TRUE
S0375,1,640,TRUE,NA,TRUE,TRUE,TRUE
S0375,2,398,TRUE,NA,TRUE,TRUE,TRUE
S0375,3,184,TRUE,NA,TRUE,TRUE,TRUE
S0376,1,910,TRUE,NA,TRUE,TRUE,TRUE
S0376,2,333,TRUE,NA,TRUE,TRUE,TRUE
S0376,3,855,TRUE,NA,TRUE,TRUE,TRUE
S0376,4,709,TRUE,NA,TRUE,TRUE,TRUE
S0377,1,NA,FALSE,Session was excluded,TRUE,TRUE,TRUE
S0377,2,NA,FALSE,Session was excluded,TRUE,TRUE,TRUE
S0377,3,NA,FALSE,Session was excluded,TRUE,TRUE,TRUE
S0377,4,NA,FALSE,Session was excluded,TRUE,TRUE,TRUE
S0378,1,745,FALSE,Did not complete phase,TRUE,FALSE,TRUE
S0379,1,507,TRUE,NA,TRUE,TRUE,TRUE
S0379,2,175,TRUE,NA,TRUE,TRUE,TRUE
S0379,3,274,TRUE,NA,TRUE,TRUE,TRUE
S0379,4,246,TRUE,NA,TRUE,TRUE,TRUE
S0380,1,584,TRUE,NA,TRUE,TRUE,TRUE
S0380,2,168,TRUE,NA,TRUE,TRUE,TRUE
S0380,3,145,TRUE,NA,TRUE,TRUE,TRUE
S0380,4,238,TRUE,NA,TRUE,TRUE,TRUE
S0381,1,541,TRUE,NA,TRUE,TRUE,TRUE
S0381,2,254,TRUE,NA,TRUE,TRUE,TRUE
S0381,3,695,TRUE,NA,TRUE,TRUE,TRUE
S0381,4,309,TRUE,NA,TRUE,TRUE,TRUE
S0382,1,599,TRUE,NA,TRUE,TRUE,TRUE
S0382,2,273,TRUE,NA,TRUE,TRUE,TRUE
S0382,3,251,TRUE,NA,TRUE,TRUE,TRUE
S0382,4,853,TRUE,NA,TRUE,TRUE,TRUE
S0383,1,704,TRUE,NA,TRUE,TRUE,TRUE
S0383,2,390,TRUE,NA,TRUE,TRUE,TRUE
S0383,3,284,TRUE,NA,TRUE,TRUE,TRUE
S0383,4,344,TRUE,NA,TRUE,TRUE,TRUE
S0384,1,954,TRUE,NA,TRUE,TRUE,TRUE
S0384,2,516,TRUE,NA,TRUE,TRUE,TRUE
S0384,3,343,TRUE,NA,TRUE,TRUE,TRUE
S0384,4,1472,TRUE,NA,TRUE,TRUE,TRUE
S0385,1,726,TRUE,NA,TRUE,TRUE,TRUE
S0385,2,350,TRUE,NA,TRUE,TRUE,TRUE
S0385,3,399,TRUE,NA,TRUE,TRUE,TRUE
S0385,4,657,TRUE,NA,TRUE,TRUE,TRUE
S0386,1,702,TRUE,NA,TRUE,TRUE,TRUE
S0386,2,295,TRUE,NA,TRUE,TRUE,TRUE
S0386,3,282,TRUE,NA,TRUE,TRUE,TRUE
S0386,4,795,TRUE,NA,TRUE,TRUE,TRUE
S0387,1,1304,TRUE,NA,TRUE,TRUE,TRUE
S0387,2,703,TRUE,NA,TRUE,TRUE,TRUE
S0387,3,229,TRUE,NA,TRUE,TRUE,TRUE
S0387,4,524,TRUE,NA,TRUE,TRUE,TRUE
S0388,1,566,TRUE,NA,TRUE,TRUE,TRUE
S0388,2,366,TRUE,NA,TRUE,TRUE,TRUE
S0388,3,252,TRUE,NA,TRUE,TRUE,TRUE
S0388,4,340,TRUE,NA,TRUE,TRUE,TRUE
S0389,1,556,TRUE,NA,TRUE,TRUE,TRUE
S0389,2,161,TRUE,NA,TRUE,TRUE,TRUE
S0389,3,460,TRUE,NA,TRUE,TRUE,TRUE
S0389,4,464,TRUE,NA,TRUE,TRUE,TRUE
S0390,1,994,TRUE,NA,TRUE,TRUE,TRUE
S0390,2,314,TRUE,NA,TRUE,TRUE,TRUE
S0390,3,336,TRUE,NA,TRUE,TRUE,TRUE
S0390,4,628,TRUE,NA,TRUE,TRUE,TRUE
S0391,1,544,TRUE,NA,TRUE,TRUE,TRUE
S0391,2,188,TRUE,NA,TRUE,TRUE,TRUE
S0391,3,261,TRUE,NA,TRUE,TRUE,TRUE
S0391,4,449,TRUE,NA,TRUE,TRUE,TRUE
S0392,1,1110,TRUE,NA,TRUE,TRUE,TRUE
S0392,2,381,TRUE,NA,TRUE,TRUE,TRUE
S0392,3,308,TRUE,NA,TRUE,TRUE,TRUE
S0392,4,571,TRUE,NA,TRUE,TRUE,TRUE
S0393,1,1098,TRUE,NA,TRUE,TRUE,TRUE
S0393,2,352,TRUE,NA,TRUE,TRUE,TRUE
S0393,3,381,TRUE,NA,TRUE,TRUE,TRUE
S0393,4,652,TRUE,NA,TRUE,TRUE,TRUE
S0394,1,1431,TRUE,NA,TRUE,TRUE,TRUE
S0394,2,551,TRUE,NA,TRUE,TRUE,TRUE
S0394,3,598,TRUE,NA,TRUE,TRUE,TRUE
S0394,4,1124,TRUE,NA,TRUE,TRUE,TRUE
S0395,1,742,TRUE,NA,TRUE,TRUE,TRUE
S0395,2,408,TRUE,NA,TRUE,TRUE,TRUE
S0395,3,371,TRUE,NA,TRUE,TRUE,TRUE
S0396,1,784,TRUE,NA,TRUE,TRUE,TRUE
S0396,2,357,TRUE,NA,TRUE,TRUE,TRUE
S0396,3,221,TRUE,NA,TRUE,TRUE,TRUE
S0396,4,374,TRUE,NA,TRUE,TRUE,TRUE
S0397,1,907,TRUE,NA,TRUE,TRUE,TRUE
S0397,2,253,TRUE,NA,TRUE,TRUE,TRUE
S0397,3,234,TRUE,NA,TRUE,TRUE,TRUE
S0397,4,355,TRUE,NA,TRUE,TRUE,TRUE
S0398,1,1231,TRUE,NA,TRUE,TRUE,TRUE
S0398,2,409,TRUE,NA,TRUE,TRUE,TRUE
S0398,3,372,TRUE,NA,TRUE,TRUE,TRUE
S0398,4,545,TRUE,NA,TRUE,TRUE,TRUE
S0399,1,548,TRUE,NA,TRUE,TRUE,TRUE
S0399,2,208,TRUE,NA,TRUE,TRUE,TRUE
S0399,3,205,TRUE,NA,TRUE,TRUE,TRUE
S0399,4,278,FALSE,Did not complete phase,TRUE,FALSE,TRUE
S0400,1,516,TRUE,NA,TRUE,TRUE,TRUE
S0400,2,215,TRUE,NA,TRUE,TRUE,TRUE
S0400,3,225,TRUE,NA,TRUE,TRUE,TRUE
S0400,4,569,TRUE,NA,TRUE,TRUE,TRUE
S0401,1,391,TRUE,NA,TRUE,TRUE,TRUE
S0401,2,166,TRUE,NA,TRUE,TRUE,TRUE
S0401,3,118,TRUE,NA,TRUE,TRUE,TRUE
S0401,4,194,TRUE,NA,TRUE,TRUE,TRUE
S0402,1,1666,TRUE,NA,TRUE,TRUE,TRUE
S0402,2,547,TRUE,NA,TRUE,TRUE,TRUE
S0402,3,417,TRUE,NA,TRUE,TRUE,TRUE
S0402,4,581,TRUE,NA,TRUE,TRUE,TRUE
S0403,1,514,TRUE,NA,TRUE,TRUE,TRUE
S0403,2,209,TRUE,NA,TRUE,TRUE,TRUE
S0403,3,428,TRUE,NA,TRUE,TRUE,TRUE
S0403,4,491,TRUE,NA,TRUE,TRUE,TRUE
S0404,1,651,TRUE,NA,TRUE,TRUE,TRUE
S0404,2,200,TRUE,NA,TRUE,TRUE,TRUE
S0404,3,1433,TRUE,NA,TRUE,TRUE,TRUE
S0405,1,523,TRUE,NA,TRUE,TRUE,TRUE
S0405,2,354,TRUE,NA,TRUE,TRUE,TRUE
S0405,3,166,TRUE,NA,TRUE,TRUE,TRUE
S0405,4,327,TRUE,NA,TRUE,TRUE,TRUE
S0406,1,904,TRUE,NA,TRUE,TRUE,TRUE
S0406,2,243,TRUE,NA,TRUE,TRUE,TRUE
S0406,3,253,TRUE,NA,TRUE,TRUE,TRUE
S0406,4,293,TRUE,NA,TRUE,TRUE,TRUE
S0407,1,2387,FALSE,Session was excluded,TRUE,TRUE,TRUE
S0407,2,191,FALSE,Session was excluded,TRUE,TRUE,TRUE
S0407,3,168,FALSE,Session was excluded,TRUE,TRUE,TRUE
S0407,4,NA,FALSE,Did not give consent for phase (or consent missing),FALSE,FALSE,TRUE
S0408,1,823,TRUE,NA,TRUE,TRUE,TRUE
S0408,2,209,TRUE,NA,TRUE,TRUE,TRUE
S0408,3,180,TRUE,NA,TRUE,TRUE,TRUE
S0408,4,313,TRUE,NA,TRUE,TRUE,TRUE
S0409,1,634,TRUE,NA,TRUE,TRUE,TRUE
S0409,2,243,TRUE,NA,TRUE,TRUE,TRUE
S0409,3,322,TRUE,NA,TRUE,TRUE,TRUE
S0409,4,349,FALSE,Did not complete phase,TRUE,FALSE,TRUE
S0410,1,1025,TRUE,NA,TRUE,TRUE,TRUE
S0410,2,315,TRUE,NA,TRUE,TRUE,TRUE
S0410,3,235,TRUE,NA,TRUE,TRUE,TRUE
S0410,4,820,TRUE,NA,TRUE,TRUE,TRUE
S0411,1,624,TRUE,NA,TRUE,TRUE,TRUE
S0411,2,190,TRUE,NA,TRUE,TRUE,TRUE
S0411,3,173,TRUE,NA,TRUE,TRUE,TRUE
S0411,4,347,TRUE,NA,TRUE,TRUE,TRUE
S0412,1,1583,TRUE,NA,TRUE,TRUE,TRUE
S0412,2,527,TRUE,NA,TRUE,TRUE,TRUE
S0412,3,596,TRUE,NA,TRUE,TRUE,TRUE
S0412,4,826,TRUE,NA,TRUE,TRUE,TRUE
S0413,1,625,TRUE,NA,TRUE,TRUE,TRUE
S0413,2,400,TRUE,NA,TRUE,TRUE,TRUE
S0413,3,140,TRUE,NA,TRUE,TRUE,TRUE
S0413,4,277,FALSE,Did not complete phase,TRUE,FALSE,TRUE
S0414,1,880,TRUE,NA,TRUE,TRUE,TRUE
S0414,2,215,TRUE,NA,TRUE,TRUE,TRUE
S0415,1,628,TRUE,NA,TRUE,TRUE,TRUE
S0415,2,200,TRUE,NA,TRUE,TRUE,TRUE
S0415,3,521,TRUE,NA,TRUE,TRUE,TRUE
S0415,4,516,TRUE,NA,TRUE,TRUE,TRUE
S0416,1,612,TRUE,NA,TRUE,TRUE,TRUE
S0416,2,143,TRUE,NA,TRUE,TRUE,TRUE
S0416,3,249,TRUE,NA,TRUE,TRUE,TRUE
S0416,4,379,TRUE,NA,TRUE,TRUE,TRUE
S0417,1,693,TRUE,NA,TRUE,TRUE,TRUE
S0417,2,410,TRUE,NA,TRUE,TRUE,TRUE
S0417,3,511,TRUE,NA,TRUE,TRUE,TRUE
S0417,4,543,TRUE,NA,TRUE,TRUE,TRUE
S0418,1,780,TRUE,NA,TRUE,TRUE,TRUE
S0418,2,330,TRUE,NA,TRUE,TRUE,TRUE
S0418,3,234,TRUE,NA,TRUE,TRUE,TRUE
S0418,4,542,TRUE,NA,TRUE,TRUE,TRUE
S0419,1,970,TRUE,NA,TRUE,TRUE,TRUE
S0419,2,362,TRUE,NA,TRUE,TRUE,TRUE
S0419,3,315,TRUE,NA,TRUE,TRUE,TRUE
S0419,4,732,TRUE,NA,TRUE,TRUE,TRUE
S0420,1,961,TRUE,NA,TRUE,TRUE,TRUE
S0420,2,559,TRUE,NA,TRUE,TRUE,TRUE
S0420,3,279,TRUE,NA,TRUE,TRUE,TRUE
S0420,4,431,TRUE,NA,TRUE,TRUE,TRUE
S0421,1,1147,TRUE,NA,TRUE,TRUE,TRUE
S0421,2,296,TRUE,NA,TRUE,TRUE,TRUE
S0421,3,490,TRUE,NA,TRUE,TRUE,TRUE
S0421,4,329,TRUE,NA,TRUE,TRUE,TRUE
S0422,1,763,TRUE,NA,TRUE,TRUE,TRUE
S0422,2,196,TRUE,NA,TRUE,TRUE,TRUE
S0422,3,263,TRUE,NA,TRUE,TRUE,TRUE
S0422,4,343,TRUE,NA,TRUE,TRUE,TRUE
S0423,1,512,TRUE,NA,TRUE,TRUE,TRUE
S0423,2,240,TRUE,NA,TRUE,TRUE,TRUE
S0423,3,135,TRUE,NA,TRUE,TRUE,TRUE
S0423,4,286,TRUE,NA,TRUE,TRUE,TRUE
S0424,1,732,TRUE,NA,TRUE,TRUE,TRUE
S0424,2,1200,TRUE,NA,TRUE,TRUE,TRUE
S0424,3,313,TRUE,NA,TRUE,TRUE,TRUE
S0424,4,987,TRUE,NA,TRUE,TRUE,TRUE
S0425,1,1241,TRUE,NA,TRUE,TRUE,TRUE
S0425,2,769,TRUE,NA,TRUE,TRUE,TRUE
S0425,3,350,TRUE,NA,TRUE,TRUE,TRUE
S0425,4,550,TRUE,NA,TRUE,TRUE,TRUE
S0426,1,582,TRUE,NA,TRUE,TRUE,TRUE
S0426,2,168,TRUE,NA,TRUE,TRUE,TRUE
S0426,3,190,TRUE,NA,TRUE,TRUE,TRUE
S0426,4,187,TRUE,NA,TRUE,TRUE,TRUE
S0427,1,944,TRUE,NA,TRUE,TRUE,TRUE
S0427,2,453,TRUE,NA,TRUE,TRUE,TRUE
S0427,3,401,TRUE,NA,TRUE,TRUE,TRUE
S0427,4,578,TRUE,NA,TRUE,TRUE,TRUE
S0428,1,677,TRUE,NA,TRUE,TRUE,TRUE
S0428,2,413,TRUE,NA,TRUE,TRUE,TRUE
S0428,3,289,TRUE,NA,TRUE,TRUE,TRUE
S0428,4,547,TRUE,NA,TRUE,TRUE,TRUE
S0429,1,647,TRUE,NA,TRUE,TRUE,TRUE
S0429,2,223,TRUE,NA,TRUE,TRUE,TRUE
S0429,3,296,TRUE,NA,TRUE,TRUE,TRUE
S0429,4,452,TRUE,NA,TRUE,TRUE,TRUE
S0430,1,639,TRUE,NA,TRUE,TRUE,TRUE
S0430,2,228,TRUE,NA,TRUE,TRUE,TRUE
S0430,3,204,TRUE,NA,TRUE,TRUE,TRUE
S0430,4,378,TRUE,NA,TRUE,TRUE,TRUE
S0431,1,609,TRUE,NA,TRUE,TRUE,TRUE
S0431,2,296,TRUE,NA,TRUE,TRUE,TRUE
S0431,3,211,TRUE,NA,TRUE,TRUE,TRUE
S0431,4,504,TRUE,NA,TRUE,TRUE,TRUE
S0432,1,832,TRUE,NA,TRUE,TRUE,TRUE
S0432,2,375,TRUE,NA,TRUE,TRUE,TRUE
S0432,3,226,TRUE,NA,TRUE,TRUE,TRUE
S0432,4,1271,TRUE,NA,TRUE,TRUE,TRUE
S0433,1,696,TRUE,NA,TRUE,TRUE,TRUE
S0433,2,266,TRUE,NA,TRUE,TRUE,TRUE
S0433,3,293,TRUE,NA,TRUE,TRUE,TRUE
S0433,4,325,TRUE,NA,TRUE,TRUE,TRUE
S0434,1,515,TRUE,NA,TRUE,TRUE,TRUE
S0434,2,373,TRUE,NA,TRUE,TRUE,TRUE
S0434,3,159,TRUE,NA,TRUE,TRUE,TRUE
S0434,4,285,TRUE,NA,TRUE,TRUE,TRUE
S0435,1,903,TRUE,NA,TRUE,TRUE,TRUE
S0435,2,361,TRUE,NA,TRUE,TRUE,TRUE
S0435,3,548,TRUE,NA,TRUE,TRUE,TRUE
S0435,4,406,TRUE,NA,TRUE,TRUE,TRUE
S0436,1,917,TRUE,NA,TRUE,TRUE,TRUE
S0436,2,324,TRUE,NA,TRUE,TRUE,TRUE
S0436,3,237,TRUE,NA,TRUE,TRUE,TRUE
S0436,4,659,TRUE,NA,TRUE,TRUE,TRUE
S0437,1,825,TRUE,NA,TRUE,TRUE,TRUE
S0437,2,327,TRUE,NA,TRUE,TRUE,TRUE
S0437,3,278,TRUE,NA,TRUE,TRUE,TRUE
S0438,1,739,TRUE,NA,TRUE,TRUE,TRUE
S0438,2,1359,TRUE,NA,TRUE,TRUE,TRUE
S0438,3,228,TRUE,NA,TRUE,TRUE,TRUE
S0438,4,373,TRUE,NA,TRUE,TRUE,TRUE
S0439,1,561,TRUE,NA,TRUE,TRUE,TRUE
S0439,2,268,TRUE,NA,TRUE,TRUE,TRUE
S0439,3,254,TRUE,NA,TRUE,TRUE,TRUE
S0439,4,537,TRUE,NA,TRUE,TRUE,TRUE
S0440,1,473,TRUE,NA,TRUE,TRUE,TRUE
S0440,2,201,TRUE,NA,TRUE,TRUE,TRUE
S0440,3,557,TRUE,NA,TRUE,TRUE,TRUE
S0440,4,403,TRUE,NA,TRUE,TRUE,TRUE
S0441,1,547,TRUE,NA,TRUE,TRUE,TRUE
S0441,2,186,TRUE,NA,TRUE,TRUE,TRUE
S0441,3,360,TRUE,NA,TRUE,TRUE,TRUE
S0441,4,217,TRUE,NA,TRUE,TRUE,TRUE
S0442,1,740,TRUE,NA,TRUE,TRUE,TRUE
S0442,2,310,TRUE,NA,TRUE,TRUE,TRUE
S0442,3,246,TRUE,NA,TRUE,TRUE,TRUE
S0442,4,271,FALSE,Did not complete phase,TRUE,FALSE,TRUE
S0443,1,742,TRUE,NA,TRUE,TRUE,TRUE
S0443,2,304,TRUE,NA,TRUE,TRUE,TRUE
S0443,3,370,TRUE,NA,TRUE,TRUE,TRUE
S0443,4,716,TRUE,NA,TRUE,TRUE,TRUE
S0444,1,657,TRUE,NA,TRUE,TRUE,TRUE
S0444,2,377,TRUE,NA,TRUE,TRUE,TRUE
S0444,3,320,TRUE,NA,TRUE,TRUE,TRUE
S0444,4,505,TRUE,NA,TRUE,TRUE,TRUE
S0445,1,529,TRUE,NA,TRUE,TRUE,TRUE
S0445,2,205,TRUE,NA,TRUE,TRUE,TRUE
S0445,3,218,TRUE,NA,TRUE,TRUE,TRUE
S0445,4,333,TRUE,NA,TRUE,TRUE,TRUE
S0446,1,1078,TRUE,NA,TRUE,TRUE,TRUE
S0446,2,192,TRUE,NA,TRUE,TRUE,TRUE
S0446,3,158,TRUE,NA,TRUE,TRUE,TRUE
S0446,4,260,TRUE,NA,TRUE,TRUE,TRUE
S0447,1,503,TRUE,NA,TRUE,TRUE,TRUE
S0448,1,757,TRUE,NA,TRUE,TRUE,TRUE
S0448,2,425,TRUE,NA,TRUE,TRUE,TRUE
S0448,3,306,TRUE,NA,TRUE,TRUE,TRUE
S0448,4,561,TRUE,NA,TRUE,TRUE,TRUE
S0449,1,1505,TRUE,NA,TRUE,TRUE,TRUE
S0449,2,310,TRUE,NA,TRUE,TRUE,TRUE
S0449,3,626,TRUE,NA,TRUE,TRUE,TRUE
S0449,4,527,TRUE,NA,TRUE,TRUE,TRUE
S0450,1,490,TRUE,NA,TRUE,TRUE,TRUE
S0450,2,224,TRUE,NA,TRUE,TRUE,TRUE
S0450,3,260,TRUE,NA,TRUE,TRUE,TRUE
S0450,4,326,TRUE,NA,TRUE,TRUE,TRUE
S0451,1,994,TRUE,NA,TRUE,TRUE,TRUE
S0451,2,567,TRUE,NA,TRUE,TRUE,TRUE
S0451,3,193,TRUE,NA,TRUE,TRUE,TRUE
S0451,4,382,TRUE,NA,TRUE,TRUE,TRUE
S0452,1,1011,TRUE,NA,TRUE,TRUE,TRUE
S0452,2,343,TRUE,NA,TRUE,TRUE,TRUE
S0452,3,347,TRUE,NA,TRUE,TRUE,TRUE
S0452,4,568,TRUE,NA,TRUE,TRUE,TRUE
S0453,1,820,TRUE,NA,TRUE,TRUE,TRUE
S0453,2,271,TRUE,NA,TRUE,TRUE,TRUE
S0453,3,315,TRUE,NA,TRUE,TRUE,TRUE
S0453,4,799,TRUE,NA,TRUE,TRUE,TRUE
S0454,1,1035,TRUE,NA,TRUE,TRUE,TRUE
S0454,2,351,TRUE,NA,TRUE,TRUE,TRUE
S0454,3,307,TRUE,NA,TRUE,TRUE,TRUE
S0454,4,516,TRUE,NA,TRUE,TRUE,TRUE
S0455,1,619,TRUE,NA,TRUE,TRUE,TRUE
S0455,2,509,TRUE,NA,TRUE,TRUE,TRUE
S0455,3,364,TRUE,NA,TRUE,TRUE,TRUE
S0455,4,375,TRUE,NA,TRUE,TRUE,TRUE
S0456,1,719,TRUE,NA,TRUE,TRUE,TRUE
S0456,2,315,TRUE,NA,TRUE,TRUE,TRUE
S0456,3,343,TRUE,NA,TRUE,TRUE,TRUE
S0456,4,492,TRUE,NA,TRUE,TRUE,TRUE
S0457,1,1160,TRUE,NA,TRUE,TRUE,TRUE
S0457,2,356,TRUE,NA,TRUE,TRUE,TRUE
S0457,3,300,TRUE,NA,TRUE,TRUE,TRUE
S0457,4,681,TRUE,NA,TRUE,TRUE,TRUE
S0458,1,726,TRUE,NA,TRUE,TRUE,TRUE
S0458,2,419,TRUE,NA,TRUE,TRUE,TRUE
S0458,3,303,TRUE,NA,TRUE,TRUE,TRUE
S0458,4,702,TRUE,NA,TRUE,TRUE,TRUE
S0459,1,562,TRUE,NA,TRUE,TRUE,TRUE
S0459,2,203,TRUE,NA,TRUE,TRUE,TRUE
S0459,3,221,TRUE,NA,TRUE,TRUE,TRUE
S0459,4,351,TRUE,NA,TRUE,TRUE,TRUE
S0460,1,566,TRUE,NA,TRUE,TRUE,TRUE
S0460,2,169,TRUE,NA,TRUE,TRUE,TRUE
S0460,3,201,TRUE,NA,TRUE,TRUE,TRUE
S0460,4,353,TRUE,NA,TRUE,TRUE,TRUE
S0461,1,629,TRUE,NA,TRUE,TRUE,TRUE
S0461,2,197,TRUE,NA,TRUE,TRUE,TRUE
S0461,3,160,TRUE,NA,TRUE,TRUE,TRUE
S0461,4,341,TRUE,NA,TRUE,TRUE,TRUE
S0462,1,846,TRUE,NA,TRUE,TRUE,TRUE
S0462,2,306,TRUE,NA,TRUE,TRUE,TRUE
S0462,3,279,TRUE,NA,TRUE,TRUE,TRUE
S0462,4,446,TRUE,NA,TRUE,TRUE,TRUE
S0463,1,867,TRUE,NA,TRUE,TRUE,TRUE
S0463,2,383,TRUE,NA,TRUE,TRUE,TRUE
S0463,3,278,TRUE,NA,TRUE,TRUE,TRUE
S0463,4,455,TRUE,NA,TRUE,TRUE,TRUE
S0464,1,506,TRUE,NA,TRUE,TRUE,TRUE
S0464,2,151,TRUE,NA,TRUE,TRUE,TRUE
S0464,3,237,TRUE,NA,TRUE,TRUE,TRUE
S0464,4,244,TRUE,NA,TRUE,TRUE,TRUE
S0465,1,833,TRUE,NA,TRUE,TRUE,TRUE
S0465,2,270,TRUE,NA,TRUE,TRUE,TRUE
S0465,3,281,TRUE,NA,TRUE,TRUE,TRUE
S0465,4,686,TRUE,NA,TRUE,TRUE,TRUE
S0466,1,533,TRUE,NA,TRUE,TRUE,TRUE
S0466,2,157,TRUE,NA,TRUE,TRUE,TRUE
S0466,3,179,TRUE,NA,TRUE,TRUE,TRUE
S0466,4,239,TRUE,NA,TRUE,TRUE,TRUE
S0467,1,677,TRUE,NA,TRUE,TRUE,TRUE
S0467,2,195,TRUE,NA,TRUE,TRUE,TRUE
S0467,3,190,TRUE,NA,TRUE,TRUE,TRUE
S0467,4,388,TRUE,NA,TRUE,TRUE,TRUE
S0468,1,737,FALSE,Did not complete phase,TRUE,FALSE,TRUE
S0469,1,416,TRUE,NA,TRUE,TRUE,TRUE
S0469,2,183,TRUE,NA,TRUE,TRUE,TRUE
S0469,3,492,TRUE,NA,TRUE,TRUE,TRUE
S0469,4,189,TRUE,NA,TRUE,TRUE,TRUE
S0470,1,NA,FALSE,Session was excluded,TRUE,TRUE,TRUE
S0470,2,NA,FALSE,Session was excluded,TRUE,TRUE,TRUE
S0471,1,676,TRUE,NA,TRUE,TRUE,TRUE
S0471,2,221,TRUE,NA,TRUE,TRUE,TRUE
S0471,3,215,TRUE,NA,TRUE,TRUE,TRUE
S0471,4,407,TRUE,NA,TRUE,TRUE,TRUE
S0472,1,444,TRUE,NA,TRUE,TRUE,TRUE
S0472,2,216,TRUE,NA,TRUE,TRUE,TRUE
S0472,3,164,TRUE,NA,TRUE,TRUE,TRUE
S0472,4,458,TRUE,NA,TRUE,TRUE,TRUE
S0473,1,710,TRUE,NA,TRUE,TRUE,TRUE
S0473,2,242,TRUE,NA,TRUE,TRUE,TRUE
S0473,3,207,TRUE,NA,TRUE,TRUE,TRUE
S0473,4,469,TRUE,NA,TRUE,TRUE,TRUE
S0474,1,1329,TRUE,NA,TRUE,TRUE,TRUE
S0474,2,206,TRUE,NA,TRUE,TRUE,TRUE
S0474,3,465,TRUE,NA,TRUE,TRUE,TRUE
S0474,4,469,TRUE,NA,TRUE,TRUE,TRUE
S0475,1,459,TRUE,NA,TRUE,TRUE,TRUE
S0475,2,260,TRUE,NA,TRUE,TRUE,TRUE
S0475,3,155,TRUE,NA,TRUE,TRUE,TRUE
S0475,4,228,TRUE,NA,TRUE,TRUE,TRUE
S0476,1,875,TRUE,NA,TRUE,TRUE,TRUE
S0476,2,274,TRUE,NA,TRUE,TRUE,TRUE
S0476,3,433,TRUE,NA,TRUE,TRUE,TRUE
S0476,4,737,TRUE,NA,TRUE,TRUE,TRUE
S0477,1,502,TRUE,NA,TRUE,TRUE,TRUE
S0477,2,361,TRUE,NA,TRUE,TRUE,TRUE
S0477,3,452,TRUE,NA,TRUE,TRUE,TRUE
S0477,4,513,TRUE,NA,TRUE,TRUE,TRUE
S0478,1,817,TRUE,NA,TRUE,TRUE,TRUE
S0478,2,344,TRUE,NA,TRUE,TRUE,TRUE
S0478,3,338,TRUE,NA,TRUE,TRUE,TRUE
S0478,4,683,TRUE,NA,TRUE,TRUE,TRUE
S0479,1,558,TRUE,NA,TRUE,TRUE,TRUE
S0479,2,206,TRUE,NA,TRUE,TRUE,TRUE
S0479,3,158,TRUE,NA,TRUE,TRUE,TRUE
S0479,4,389,TRUE,NA,TRUE,TRUE,TRUE
S0480,1,561,TRUE,NA,TRUE,TRUE,TRUE
S0480,2,250,TRUE,NA,TRUE,TRUE,TRUE
S0480,3,215,TRUE,NA,TRUE,TRUE,TRUE
S0480,4,433,TRUE,NA,TRUE,TRUE,TRUE
S0481,1,513,TRUE,NA,TRUE,TRUE,TRUE
S0481,2,788,TRUE,NA,TRUE,TRUE,TRUE
S0481,3,215,TRUE,NA,TRUE,TRUE,TRUE
S0481,4,320,TRUE,NA,TRUE,TRUE,TRUE
S0482,1,760,TRUE,NA,TRUE,TRUE,TRUE
S0482,2,1422,TRUE,NA,TRUE,TRUE,TRUE
S0482,3,1796,TRUE,NA,TRUE,TRUE,TRUE
S0482,4,309,TRUE,NA,TRUE,TRUE,TRUE
S0483,1,526,TRUE,NA,TRUE,TRUE,TRUE
S0483,2,150,TRUE,NA,TRUE,TRUE,TRUE
S0483,3,164,TRUE,NA,TRUE,TRUE,TRUE
S0483,4,241,TRUE,NA,TRUE,TRUE,TRUE
S0484,1,871,TRUE,NA,TRUE,TRUE,TRUE
S0484,2,209,TRUE,NA,TRUE,TRUE,TRUE
S0484,3,267,TRUE,NA,TRUE,TRUE,TRUE
S0484,4,302,TRUE,NA,TRUE,TRUE,TRUE
S0485,1,570,TRUE,NA,TRUE,TRUE,TRUE
S0485,2,181,TRUE,NA,TRUE,TRUE,TRUE
S0485,3,184,TRUE,NA,TRUE,TRUE,TRUE
S0485,4,439,TRUE,NA,TRUE,TRUE,TRUE
S0486,1,502,TRUE,NA,TRUE,TRUE,TRUE
S0486,2,173,TRUE,NA,TRUE,TRUE,TRUE
S0486,3,694,TRUE,NA,TRUE,TRUE,TRUE
S0487,1,589,TRUE,NA,TRUE,TRUE,TRUE
S0487,2,225,TRUE,NA,TRUE,TRUE,TRUE
S0487,3,248,TRUE,NA,TRUE,TRUE,TRUE
S0487,4,353,TRUE,NA,TRUE,TRUE,TRUE
S0488,1,1002,TRUE,NA,TRUE,TRUE,TRUE
S0488,2,276,TRUE,NA,TRUE,TRUE,TRUE
S0488,3,280,TRUE,NA,TRUE,TRUE,TRUE
S0488,4,399,TRUE,NA,TRUE,TRUE,TRUE
S0489,1,962,TRUE,NA,TRUE,TRUE,TRUE
S0489,2,237,TRUE,NA,TRUE,TRUE,TRUE
S0489,3,258,TRUE,NA,TRUE,TRUE,TRUE
S0489,4,430,TRUE,NA,TRUE,TRUE,TRUE
S0490,1,877,TRUE,NA,TRUE,TRUE,TRUE
S0490,2,431,TRUE,NA,TRUE,TRUE,TRUE
S0490,3,289,TRUE,NA,TRUE,TRUE,TRUE
S0491,1,471,TRUE,NA,TRUE,TRUE,TRUE
S0491,2,147,TRUE,NA,TRUE,TRUE,TRUE
S0492,1,2662,FALSE,Session was excluded,TRUE,TRUE,TRUE
S0493,1,916,TRUE,NA,TRUE,TRUE,TRUE
S0493,2,271,TRUE,NA,TRUE,TRUE,TRUE
S0493,3,239,TRUE,NA,TRUE,TRUE,TRUE
S0493,4,748,TRUE,NA,TRUE,TRUE,TRUE
S0494,1,912,TRUE,NA,TRUE,TRUE,TRUE
S0494,2,221,TRUE,NA,TRUE,TRUE,TRUE
S0494,3,210,TRUE,NA,TRUE,TRUE,TRUE
S0494,4,335,TRUE,NA,TRUE,TRUE,TRUE
S0495,1,705,TRUE,NA,TRUE,TRUE,TRUE
S0495,2,230,TRUE,NA,TRUE,TRUE,TRUE
S0495,3,255,TRUE,NA,TRUE,TRUE,TRUE
S0495,4,466,TRUE,NA,TRUE,TRUE,TRUE
S0496,1,583,TRUE,NA,TRUE,TRUE,TRUE
S0496,2,185,TRUE,NA,TRUE,TRUE,TRUE
S0496,3,132,TRUE,NA,TRUE,TRUE,TRUE
S0496,4,302,TRUE,NA,TRUE,TRUE,TRUE
S0497,1,874,TRUE,NA,TRUE,TRUE,TRUE
S0497,2,247,TRUE,NA,TRUE,TRUE,TRUE
S0497,3,162,TRUE,NA,TRUE,TRUE,TRUE
S0497,4,306,TRUE,NA,TRUE,TRUE,TRUE
S0498,1,839,TRUE,NA,TRUE,TRUE,TRUE
S0498,2,296,TRUE,NA,TRUE,TRUE,TRUE
S0498,3,295,TRUE,NA,TRUE,TRUE,TRUE
S0498,4,1009,TRUE,NA,TRUE,TRUE,TRUE
S0499,1,635,TRUE,NA,TRUE,TRUE,TRUE
S0499,2,273,TRUE,NA,TRUE,TRUE,TRUE
S0499,3,225,TRUE,NA,TRUE,TRUE,TRUE
S0499,4,313,TRUE,NA,TRUE,TRUE,TRUE
S0500,1,1542,TRUE,NA,TRUE,TRUE,TRUE
S0500,2,410,TRUE,NA,TRUE,TRUE,TRUE
S0500,3,531,TRUE,NA,TRUE,TRUE,TRUE
S0500,4,1206,TRUE,NA,TRUE,TRUE,TRUE
S0501,1,912,TRUE,NA,TRUE,TRUE,TRUE
S0501,2,294,TRUE,NA,TRUE,TRUE,TRUE
S0501,3,393,TRUE,NA,TRUE,TRUE,TRUE
S0501,4,410,TRUE,NA,TRUE,TRUE,TRUE
S0502,1,888,TRUE,NA,TRUE,TRUE,TRUE
S0503,1,586,TRUE,NA,TRUE,TRUE,TRUE
S0503,2,253,TRUE,NA,TRUE,TRUE,TRUE
S0504,1,665,TRUE,NA,TRUE,TRUE,TRUE
S0504,2,217,TRUE,NA,TRUE,TRUE,TRUE
S0504,3,214,TRUE,NA,TRUE,TRUE,TRUE
S0504,4,1275,TRUE,NA,TRUE,TRUE,TRUE
S0505,1,762,TRUE,NA,TRUE,TRUE,TRUE
S0505,2,313,TRUE,NA,TRUE,TRUE,TRUE
S0505,3,211,TRUE,NA,TRUE,TRUE,TRUE
S0505,4,347,TRUE,NA,TRUE,TRUE,TRUE
S0506,1,574,TRUE,NA,TRUE,TRUE,TRUE
S0506,2,187,TRUE,NA,TRUE,TRUE,TRUE
S0506,3,218,TRUE,NA,TRUE,TRUE,TRUE
S0506,4,289,TRUE,NA,TRUE,TRUE,TRUE
S0507,1,734,TRUE,NA,TRUE,TRUE,TRUE
S0507,2,316,TRUE,NA,TRUE,TRUE,TRUE
S0507,3,414,TRUE,NA,TRUE,TRUE,TRUE
S0507,4,437,TRUE,NA,TRUE,TRUE,TRUE
S0508,1,684,TRUE,NA,TRUE,TRUE,TRUE
S0508,2,126,TRUE,NA,TRUE,TRUE,TRUE
S0508,3,140,TRUE,NA,TRUE,TRUE,TRUE
S0508,4,1159,TRUE,NA,TRUE,TRUE,TRUE
S0509,1,1709,FALSE,Session was excluded,TRUE,TRUE,TRUE
S0509,2,NA,FALSE,Did not give consent for phase (or consent missing),FALSE,FALSE,TRUE
S0510,1,1000,FALSE,Session was excluded,TRUE,TRUE,TRUE
S0510,2,2527,FALSE,Session was excluded,TRUE,TRUE,TRUE
S0511,1,537,TRUE,NA,TRUE,TRUE,TRUE
S0511,2,217,TRUE,NA,TRUE,TRUE,TRUE
S0511,3,140,TRUE,NA,TRUE,TRUE,TRUE
S0511,4,327,TRUE,NA,TRUE,TRUE,TRUE
S0512,1,1003,TRUE,NA,TRUE,TRUE,TRUE
S0512,2,311,TRUE,NA,TRUE,TRUE,TRUE
S0512,3,283,TRUE,NA,TRUE,TRUE,TRUE
S0512,4,480,TRUE,NA,TRUE,TRUE,TRUE
S0513,1,2007,FALSE,Session was excluded,TRUE,TRUE,TRUE
S0514,1,575,TRUE,NA,TRUE,TRUE,TRUE
S0514,2,188,TRUE,NA,TRUE,TRUE,TRUE
S0514,3,172,TRUE,NA,TRUE,TRUE,TRUE
S0514,4,398,TRUE,NA,TRUE,TRUE,TRUE
S0515,1,799,TRUE,NA,TRUE,TRUE,TRUE
S0515,2,247,TRUE,NA,TRUE,TRUE,TRUE
S0515,3,220,TRUE,NA,TRUE,TRUE,TRUE
S0515,4,290,TRUE,NA,TRUE,TRUE,TRUE
S0516,1,759,TRUE,NA,TRUE,TRUE,TRUE
S0516,2,279,TRUE,NA,TRUE,TRUE,TRUE
S0516,3,225,TRUE,NA,TRUE,TRUE,TRUE
S0516,4,389,TRUE,NA,TRUE,TRUE,TRUE
S0517,1,860,TRUE,NA,TRUE,TRUE,TRUE
S0518,1,556,TRUE,NA,TRUE,TRUE,TRUE
S0518,2,162,TRUE,NA,TRUE,TRUE,TRUE
S0518,3,321,TRUE,NA,TRUE,TRUE,TRUE
S0518,4,226,TRUE,NA,TRUE,TRUE,TRUE
S0519,1,1297,FALSE,Session was excluded,TRUE,TRUE,TRUE
S0519,2,565,FALSE,Session was excluded,TRUE,TRUE,TRUE
S0519,3,640,FALSE,Session was excluded,TRUE,TRUE,TRUE
S0519,4,2174,FALSE,Session was excluded,TRUE,TRUE,TRUE
S0520,1,974,TRUE,NA,TRUE,TRUE,TRUE
S0520,2,323,TRUE,NA,TRUE,TRUE,TRUE
S0520,3,250,TRUE,NA,TRUE,TRUE,TRUE
S0520,4,417,TRUE,NA,TRUE,TRUE,TRUE
S0521,1,669,TRUE,NA,TRUE,TRUE,TRUE
S0521,2,188,TRUE,NA,TRUE,TRUE,TRUE
S0521,3,228,TRUE,NA,TRUE,TRUE,TRUE
S0521,4,369,TRUE,NA,TRUE,TRUE,TRUE
S0522,1,849,FALSE,Session was excluded,TRUE,TRUE,TRUE
S0522,2,NA,FALSE,Did not give consent for phase (or consent missing),FALSE,FALSE,TRUE
S0523,1,2040,TRUE,NA,TRUE,TRUE,TRUE
S0523,2,210,TRUE,NA,TRUE,TRUE,TRUE
S0523,3,262,TRUE,NA,TRUE,TRUE,TRUE
S0523,4,316,TRUE,NA,TRUE,TRUE,TRUE
S0524,1,732,TRUE,NA,TRUE,TRUE,TRUE
S0524,2,276,TRUE,NA,TRUE,TRUE,TRUE
S0524,3,232,TRUE,NA,TRUE,TRUE,TRUE
S0524,4,368,TRUE,NA,TRUE,TRUE,TRUE
S0525,1,NA,FALSE,Did not give consent for phase (or consent missing),FALSE,FALSE,TRUE
S0526,1,687,TRUE,NA,TRUE,TRUE,TRUE
S0526,2,258,TRUE,NA,TRUE,TRUE,TRUE
S0526,3,286,TRUE,NA,TRUE,TRUE,TRUE
S0526,4,722,TRUE,NA,TRUE,TRUE,TRUE
S0527,1,587,TRUE,NA,TRUE,TRUE,TRUE
S0527,2,366,TRUE,NA,TRUE,TRUE,TRUE
S0527,3,289,TRUE,NA,TRUE,TRUE,TRUE
S0527,4,317,TRUE,NA,TRUE,TRUE,TRUE
S0528,1,693,TRUE,NA,TRUE,TRUE,TRUE
S0528,2,219,TRUE,NA,TRUE,TRUE,TRUE
S0528,3,292,TRUE,NA,TRUE,TRUE,TRUE
S0528,4,224,TRUE,NA,TRUE,TRUE,TRUE
S0529,1,883,TRUE,NA,TRUE,TRUE,TRUE
S0529,2,278,TRUE,NA,TRUE,TRUE,TRUE
S0529,3,397,TRUE,NA,TRUE,TRUE,TRUE
S0529,4,465,TRUE,NA,TRUE,TRUE,TRUE
S0530,1,936,TRUE,NA,TRUE,TRUE,TRUE
S0530,2,310,TRUE,NA,TRUE,TRUE,TRUE
S0530,3,342,TRUE,NA,TRUE,TRUE,TRUE
S0530,4,708,TRUE,NA,TRUE,TRUE,TRUE
S0531,1,537,TRUE,NA,TRUE,TRUE,TRUE
S0531,2,179,TRUE,NA,TRUE,TRUE,TRUE
S0531,3,151,TRUE,NA,TRUE,TRUE,TRUE
S0531,4,430,TRUE,NA,TRUE,TRUE,TRUE
S0532,1,1010,FALSE,Did not complete phase,TRUE,FALSE,TRUE
S0533,1,1358,TRUE,NA,TRUE,TRUE,TRUE
S0533,2,281,TRUE,NA,TRUE,TRUE,TRUE
S0533,3,860,TRUE,NA,TRUE,TRUE,TRUE
S0533,4,523,TRUE,NA,TRUE,TRUE,TRUE
S0534,1,607,TRUE,NA,TRUE,TRUE,TRUE
S0534,2,187,TRUE,NA,TRUE,TRUE,TRUE
S0534,3,226,TRUE,NA,TRUE,TRUE,TRUE
S0534,4,570,TRUE,NA,TRUE,TRUE,TRUE
S0535,1,913,TRUE,NA,TRUE,TRUE,TRUE
S0535,2,494,TRUE,NA,TRUE,TRUE,TRUE
S0535,3,212,TRUE,NA,TRUE,TRUE,TRUE
S0535,4,497,TRUE,NA,TRUE,TRUE,TRUE
S0536,1,939,TRUE,NA,TRUE,TRUE,TRUE
S0536,2,372,TRUE,NA,TRUE,TRUE,TRUE
S0536,3,244,TRUE,NA,TRUE,TRUE,TRUE
S0536,4,463,FALSE,Did not complete phase,TRUE,FALSE,TRUE
S0537,1,615,TRUE,NA,TRUE,TRUE,TRUE
S0537,2,296,TRUE,NA,TRUE,TRUE,TRUE
S0537,3,317,TRUE,NA,TRUE,TRUE,TRUE
S0537,4,283,TRUE,NA,TRUE,TRUE,TRUE
S0538,1,618,TRUE,NA,TRUE,TRUE,TRUE
S0538,2,208,TRUE,NA,TRUE,TRUE,TRUE
S0538,3,161,TRUE,NA,TRUE,TRUE,TRUE
S0538,4,431,TRUE,NA,TRUE,TRUE,TRUE
S0539,1,795,TRUE,NA,TRUE,TRUE,TRUE
S0539,2,295,TRUE,NA,TRUE,TRUE,TRUE
S0539,3,219,TRUE,NA,TRUE,TRUE,TRUE
S0539,4,382,TRUE,NA,TRUE,TRUE,TRUE
S0540,1,681,TRUE,NA,TRUE,TRUE,TRUE
S0540,2,165,TRUE,NA,TRUE,TRUE,TRUE
S0540,3,187,TRUE,NA,TRUE,TRUE,TRUE
S0540,4,299,TRUE,NA,TRUE,TRUE,TRUE
S0541,1,5661,FALSE,Session was excluded,TRUE,TRUE,TRUE
S0542,1,777,TRUE,NA,TRUE,TRUE,TRUE
S0542,2,420,TRUE,NA,TRUE,TRUE,TRUE
S0542,3,261,TRUE,NA,TRUE,TRUE,TRUE
S0542,4,605,TRUE,NA,TRUE,TRUE,TRUE
S0543,1,982,TRUE,NA,TRUE,TRUE,TRUE
S0543,2,310,TRUE,NA,TRUE,TRUE,TRUE
S0543,3,447,TRUE,NA,TRUE,TRUE,TRUE
S0543,4,1039,TRUE,NA,TRUE,TRUE,TRUE
S0544,1,626,TRUE,NA,TRUE,TRUE,TRUE
S0544,2,241,TRUE,NA,TRUE,TRUE,TRUE
S0544,3,228,TRUE,NA,TRUE,TRUE,TRUE
S0544,4,303,TRUE,NA,TRUE,TRUE,TRUE
S0545,1,619,TRUE,NA,TRUE,TRUE,TRUE
S0545,2,343,TRUE,NA,TRUE,TRUE,TRUE
S0545,3,361,TRUE,NA,TRUE,TRUE,TRUE
S0545,4,528,TRUE,NA,TRUE,TRUE,TRUE
S0546,1,831,TRUE,NA,TRUE,TRUE,TRUE
S0546,2,272,TRUE,NA,TRUE,TRUE,TRUE
S0546,3,333,TRUE,NA,TRUE,TRUE,TRUE
S0546,4,503,TRUE,NA,TRUE,TRUE,TRUE
S0547,1,744,TRUE,NA,TRUE,TRUE,TRUE
S0547,2,221,TRUE,NA,TRUE,TRUE,TRUE
S0547,3,182,TRUE,NA,TRUE,TRUE,TRUE
S0547,4,581,TRUE,NA,TRUE,TRUE,TRUE
S0548,1,617,TRUE,NA,TRUE,TRUE,TRUE
S0548,2,229,TRUE,NA,TRUE,TRUE,TRUE
S0548,3,185,TRUE,NA,TRUE,TRUE,TRUE
S0548,4,250,TRUE,NA,TRUE,TRUE,TRUE
S0549,1,844,TRUE,NA,TRUE,TRUE,TRUE
S0549,2,445,TRUE,NA,TRUE,TRUE,TRUE
S0549,3,326,TRUE,NA,TRUE,TRUE,TRUE
S0549,4,807,TRUE,NA,TRUE,TRUE,TRUE
S0550,1,803,TRUE,NA,TRUE,TRUE,TRUE
S0550,2,332,TRUE,NA,TRUE,TRUE,TRUE
S0550,3,331,TRUE,NA,TRUE,TRUE,TRUE
S0550,4,673,TRUE,NA,TRUE,TRUE,TRUE
S0551,1,750,TRUE,NA,TRUE,TRUE,TRUE
S0551,2,265,TRUE,NA,TRUE,TRUE,TRUE
S0551,3,283,TRUE,NA,TRUE,TRUE,TRUE
S0551,4,511,TRUE,NA,TRUE,TRUE,TRUE
S0552,1,530,TRUE,NA,TRUE,TRUE,TRUE
S0552,2,241,TRUE,NA,TRUE,TRUE,TRUE
S0552,3,203,TRUE,NA,TRUE,TRUE,TRUE
S0552,4,285,TRUE,NA,TRUE,TRUE,TRUE
S0553,1,506,TRUE,NA,TRUE,TRUE,TRUE
S0553,2,202,TRUE,NA,TRUE,TRUE,TRUE
S0553,3,198,TRUE,NA,TRUE,TRUE,TRUE
S0553,4,343,TRUE,NA,TRUE,TRUE,TRUE
S0554,1,980,TRUE,NA,TRUE,TRUE,TRUE
S0554,2,182,TRUE,NA,TRUE,TRUE,TRUE
S0554,3,154,TRUE,NA,TRUE,TRUE,TRUE
S0554,4,314,TRUE,NA,TRUE,TRUE,TRUE
S0555,1,492,TRUE,NA,TRUE,TRUE,TRUE
S0555,2,158,TRUE,NA,TRUE,TRUE,TRUE
S0555,3,152,TRUE,NA,TRUE,TRUE,TRUE
S0556,1,781,TRUE,NA,TRUE,TRUE,TRUE
S0556,2,221,TRUE,NA,TRUE,TRUE,TRUE
S0556,3,149,TRUE,NA,TRUE,TRUE,TRUE
S0556,4,431,TRUE,NA,TRUE,TRUE,TRUE
S0557,1,679,TRUE,NA,TRUE,TRUE,TRUE
S0557,2,322,TRUE,NA,TRUE,TRUE,TRUE
S0557,3,220,TRUE,NA,TRUE,TRUE,TRUE
S0557,4,346,TRUE,NA,TRUE,TRUE,TRUE
S0558,1,1685,TRUE,NA,TRUE,TRUE,TRUE
S0558,2,261,TRUE,NA,TRUE,TRUE,TRUE
S0558,3,694,TRUE,NA,TRUE,TRUE,TRUE
S0558,4,818,TRUE,NA,TRUE,TRUE,TRUE
S0559,1,698,TRUE,NA,TRUE,TRUE,TRUE
S0559,2,183,TRUE,NA,TRUE,TRUE,TRUE
S0559,3,180,TRUE,NA,TRUE,TRUE,TRUE
S0559,4,246,TRUE,NA,TRUE,TRUE,TRUE
S0560,1,788,TRUE,NA,TRUE,TRUE,TRUE
S0560,2,266,TRUE,NA,TRUE,TRUE,TRUE
S0560,3,325,TRUE,NA,TRUE,TRUE,TRUE
S0560,4,478,TRUE,NA,TRUE,TRUE,TRUE
S0561,1,779,TRUE,NA,TRUE,TRUE,TRUE
S0561,2,376,TRUE,NA,TRUE,TRUE,TRUE
S0561,3,338,TRUE,NA,TRUE,TRUE,TRUE
S0561,4,577,FALSE,Did not complete phase,TRUE,FALSE,TRUE
S0562,1,1291,TRUE,NA,TRUE,TRUE,TRUE
S0563,1,664,TRUE,NA,TRUE,TRUE,TRUE
S0563,2,333,TRUE,NA,TRUE,TRUE,TRUE
S0563,3,410,TRUE,NA,TRUE,TRUE,TRUE
S0563,4,487,TRUE,NA,TRUE,TRUE,TRUE
S0564,1,613,TRUE,NA,TRUE,TRUE,TRUE
S0564,2,282,TRUE,NA,TRUE,TRUE,TRUE
S0564,3,227,TRUE,NA,TRUE,TRUE,TRUE
S0564,4,606,TRUE,NA,TRUE,TRUE,TRUE
S0565,1,591,TRUE,NA,TRUE,TRUE,TRUE
S0565,2,223,TRUE,NA,TRUE,TRUE,TRUE
S0565,3,395,TRUE,NA,TRUE,TRUE,TRUE
S0565,4,653,TRUE,NA,TRUE,TRUE,TRUE
S0566,1,838,TRUE,NA,TRUE,TRUE,TRUE
S0566,2,313,TRUE,NA,TRUE,TRUE,TRUE
S0566,3,229,TRUE,NA,TRUE,TRUE,TRUE
S0566,4,465,TRUE,NA,TRUE,TRUE,TRUE
S0567,1,512,TRUE,NA,TRUE,TRUE,TRUE
S0567,2,323,TRUE,NA,TRUE,TRUE,TRUE
S0568,1,834,TRUE,NA,TRUE,TRUE,TRUE
S0569,1,1342,FALSE,Session was excluded,TRUE,TRUE,TRUE
S0569,2,660,FALSE,Session was excluded,TRUE,TRUE,TRUE
S0570,1,644,TRUE,NA,TRUE,TRUE,TRUE
S0570,2,212,TRUE,NA,TRUE,TRUE,TRUE
S0570,3,502,TRUE,NA,TRUE,TRUE,TRUE
S0570,4,502,TRUE,NA,TRUE,TRUE,TRUE
S0571,1,675,TRUE,NA,TRUE,TRUE,TRUE
S0571,2,204,TRUE,NA,TRUE,TRUE,TRUE
S0571,3,353,TRUE,NA,TRUE,TRUE,TRUE
S0571,4,842,TRUE,NA,TRUE,TRUE,TRUE
S0572,1,1166,TRUE,NA,TRUE,TRUE,TRUE
S0572,2,508,TRUE,NA,TRUE,TRUE,TRUE
S0572,3,556,TRUE,NA,TRUE,TRUE,TRUE
S0572,4,1071,TRUE,NA,TRUE,TRUE,TRUE
S0573,1,770,TRUE,NA,TRUE,TRUE,TRUE
S0573,2,302,TRUE,NA,TRUE,TRUE,TRUE
S0573,3,225,TRUE,NA,TRUE,TRUE,TRUE
S0573,4,637,TRUE,NA,TRUE,TRUE,TRUE
S0574,1,1075,TRUE,NA,TRUE,TRUE,TRUE
S0574,2,275,TRUE,NA,TRUE,TRUE,TRUE
S0574,3,308,TRUE,NA,TRUE,TRUE,TRUE
S0574,4,1297,TRUE,NA,TRUE,TRUE,TRUE
S0575,1,584,TRUE,NA,TRUE,TRUE,TRUE
S0575,2,208,TRUE,NA,TRUE,TRUE,TRUE
S0575,3,217,TRUE,NA,TRUE,TRUE,TRUE
S0575,4,387,TRUE,NA,TRUE,TRUE,TRUE
S0576,1,596,TRUE,NA,TRUE,TRUE,TRUE
S0576,2,545,TRUE,NA,TRUE,TRUE,TRUE
S0576,3,190,FALSE,Did not complete phase,TRUE,FALSE,TRUE
S0577,1,753,TRUE,NA,TRUE,TRUE,TRUE
S0577,2,283,TRUE,NA,TRUE,TRUE,TRUE
S0577,3,277,TRUE,NA,TRUE,TRUE,TRUE
S0577,4,398,TRUE,NA,TRUE,TRUE,TRUE
S0578,1,635,TRUE,NA,TRUE,TRUE,TRUE
S0579,1,834,TRUE,NA,TRUE,TRUE,TRUE
S0579,2,182,TRUE,NA,TRUE,TRUE,TRUE
S0579,3,228,TRUE,NA,TRUE,TRUE,TRUE
S0579,4,438,TRUE,NA,TRUE,TRUE,TRUE
S0580,1,1625,TRUE,NA,TRUE,TRUE,TRUE
S0580,2,249,TRUE,NA,TRUE,TRUE,TRUE
S0580,3,191,TRUE,NA,TRUE,TRUE,TRUE
S0581,1,707,TRUE,NA,TRUE,TRUE,TRUE
S0581,2,254,TRUE,NA,TRUE,TRUE,TRUE
S0581,3,161,TRUE,NA,TRUE,TRUE,TRUE
S0581,4,291,TRUE,NA,TRUE,TRUE,TRUE
S0582,1,679,TRUE,NA,TRUE,TRUE,TRUE
S0582,2,207,TRUE,NA,TRUE,TRUE,TRUE
S0582,3,207,TRUE,NA,TRUE,TRUE,TRUE
S0582,4,386,TRUE,NA,TRUE,TRUE,TRUE
S0583,1,674,TRUE,NA,TRUE,TRUE,TRUE
S0583,2,317,TRUE,NA,TRUE,TRUE,TRUE
S0583,3,272,TRUE,NA,TRUE,TRUE,TRUE
S0583,4,413,TRUE,NA,TRUE,TRUE,TRUE
S0584,1,625,TRUE,NA,TRUE,TRUE,TRUE
S0584,2,181,TRUE,NA,TRUE,TRUE,TRUE
S0584,3,232,TRUE,NA,TRUE,TRUE,TRUE
S0584,4,400,TRUE,NA,TRUE,TRUE,TRUE
S0585,1,759,TRUE,NA,TRUE,TRUE,TRUE
S0585,2,221,TRUE,NA,TRUE,TRUE,TRUE
S0585,3,1241,TRUE,NA,TRUE,TRUE,TRUE
S0585,4,870,TRUE,NA,TRUE,TRUE,TRUE
S0586,1,1174,FALSE,Session was excluded,TRUE,TRUE,TRUE
S0586,2,383,FALSE,Session was excluded,TRUE,TRUE,TRUE
S0586,3,494,FALSE,Session was excluded,TRUE,TRUE,TRUE
S0586,4,1863,FALSE,Session was excluded,TRUE,TRUE,TRUE
S0587,1,363,FALSE,Did not complete phase,TRUE,FALSE,TRUE
S0588,1,1492,TRUE,NA,TRUE,TRUE,TRUE
S0588,2,243,TRUE,NA,TRUE,TRUE,TRUE
S0588,3,239,TRUE,NA,TRUE,TRUE,TRUE
S0588,4,436,FALSE,Did not complete phase,TRUE,FALSE,TRUE
S0589,1,737,TRUE,NA,TRUE,TRUE,TRUE
S0589,2,196,TRUE,NA,TRUE,TRUE,TRUE
S0589,3,171,TRUE,NA,TRUE,TRUE,TRUE
S0589,4,467,TRUE,NA,TRUE,TRUE,TRUE
S0590,1,671,TRUE,NA,TRUE,TRUE,TRUE
S0590,2,283,TRUE,NA,TRUE,TRUE,TRUE
S0590,3,291,TRUE,NA,TRUE,TRUE,TRUE
S0590,4,482,TRUE,NA,TRUE,TRUE,TRUE
S0591,1,859,TRUE,NA,TRUE,TRUE,TRUE
S0591,2,297,TRUE,NA,TRUE,TRUE,TRUE
S0591,3,338,TRUE,NA,TRUE,TRUE,TRUE
S0591,4,569,TRUE,NA,TRUE,TRUE,TRUE
S0592,1,1164,TRUE,NA,TRUE,TRUE,TRUE
S0592,2,222,TRUE,NA,TRUE,TRUE,TRUE
S0592,3,220,TRUE,NA,TRUE,TRUE,TRUE
S0592,4,328,TRUE,NA,TRUE,TRUE,TRUE
S0593,1,460,TRUE,NA,TRUE,TRUE,TRUE
S0593,2,198,TRUE,NA,TRUE,TRUE,TRUE
S0593,3,536,TRUE,NA,TRUE,TRUE,TRUE
S0593,4,254,TRUE,NA,TRUE,TRUE,TRUE
S0594,1,2813,FALSE,Session was excluded,TRUE,TRUE,TRUE
S0595,1,NA,FALSE,Did not give consent for phase (or consent missing),FALSE,FALSE,TRUE
S0596,1,615,TRUE,NA,TRUE,TRUE,TRUE
S0596,2,290,TRUE,NA,TRUE,TRUE,TRUE
S0596,3,256,TRUE,NA,TRUE,TRUE,TRUE
S0596,4,505,TRUE,NA,TRUE,TRUE,TRUE
S0597,1,1234,TRUE,NA,TRUE,TRUE,TRUE
S0597,2,409,TRUE,NA,TRUE,TRUE,TRUE
S0597,3,477,TRUE,NA,TRUE,TRUE,TRUE
S0598,1,1064,TRUE,NA,TRUE,TRUE,TRUE
S0598,2,375,TRUE,NA,TRUE,TRUE,TRUE
S0598,3,381,TRUE,NA,TRUE,TRUE,TRUE
S0598,4,646,TRUE,NA,TRUE,TRUE,TRUE
S0599,1,979,TRUE,NA,TRUE,TRUE,TRUE
S0599,2,255,TRUE,NA,TRUE,TRUE,TRUE
S0599,3,1312,TRUE,NA,TRUE,TRUE,TRUE
S0599,4,427,TRUE,NA,TRUE,TRUE,TRUE
S0600,1,616,TRUE,NA,TRUE,TRUE,TRUE
S0600,2,258,TRUE,NA,TRUE,TRUE,TRUE
S0600,3,261,TRUE,NA,TRUE,TRUE,TRUE
S0601,1,595,TRUE,NA,TRUE,TRUE,TRUE
S0601,2,196,TRUE,NA,TRUE,TRUE,TRUE
S0601,3,299,TRUE,NA,TRUE,TRUE,TRUE
S0601,4,373,TRUE,NA,TRUE,TRUE,TRUE
S0602,1,556,TRUE,NA,TRUE,TRUE,TRUE
S0602,2,150,TRUE,NA,TRUE,TRUE,TRUE
S0602,3,129,TRUE,NA,TRUE,TRUE,TRUE
S0602,4,286,TRUE,NA,TRUE,TRUE,TRUE
S0603,1,701,TRUE,NA,TRUE,TRUE,TRUE
S0603,2,377,TRUE,NA,TRUE,TRUE,TRUE
S0603,3,182,TRUE,NA,TRUE,TRUE,TRUE
S0603,4,425,TRUE,NA,TRUE,TRUE,TRUE
S0604,1,927,TRUE,NA,TRUE,TRUE,TRUE
S0604,2,1187,TRUE,NA,TRUE,TRUE,TRUE
S0604,3,244,TRUE,NA,TRUE,TRUE,TRUE
S0604,4,443,TRUE,NA,TRUE,TRUE,TRUE
S0605,1,979,TRUE,NA,TRUE,TRUE,TRUE
S0605,2,356,TRUE,NA,TRUE,TRUE,TRUE
S0605,3,364,TRUE,NA,TRUE,TRUE,TRUE
S0605,4,623,TRUE,NA,TRUE,TRUE,TRUE
S0606,1,716,TRUE,NA,TRUE,TRUE,TRUE
S0606,2,470,TRUE,NA,TRUE,TRUE,TRUE
S0606,3,248,TRUE,NA,TRUE,TRUE,TRUE
S0606,4,505,TRUE,NA,TRUE,TRUE,TRUE
S0607,1,963,TRUE,NA,TRUE,TRUE,TRUE
S0607,2,253,TRUE,NA,TRUE,TRUE,TRUE
S0607,3,244,TRUE,NA,TRUE,TRUE,TRUE
S0607,4,759,TRUE,NA,TRUE,TRUE,TRUE
S0608,1,913,TRUE,NA,TRUE,TRUE,TRUE
S0608,2,307,TRUE,NA,TRUE,TRUE,TRUE
S0608,3,269,TRUE,NA,TRUE,TRUE,TRUE
S0608,4,630,TRUE,NA,TRUE,TRUE,TRUE
S0609,1,1490,TRUE,NA,TRUE,TRUE,TRUE
S0609,2,531,TRUE,NA,TRUE,TRUE,TRUE
S0609,3,755,TRUE,NA,TRUE,TRUE,TRUE
S0609,4,1783,TRUE,NA,TRUE,TRUE,TRUE
S0610,1,672,TRUE,NA,TRUE,TRUE,TRUE
S0610,2,333,TRUE,NA,TRUE,TRUE,TRUE
S0610,3,249,TRUE,NA,TRUE,TRUE,TRUE
S0610,4,704,TRUE,NA,TRUE,TRUE,TRUE
S0611,1,758,TRUE,NA,TRUE,TRUE,TRUE
S0611,2,181,TRUE,NA,TRUE,TRUE,TRUE
S0611,3,232,TRUE,NA,TRUE,TRUE,TRUE
S0611,4,290,TRUE,NA,TRUE,TRUE,TRUE
S0612,1,1260,TRUE,NA,TRUE,TRUE,TRUE
S0612,2,341,TRUE,NA,TRUE,TRUE,TRUE
S0612,3,204,TRUE,NA,TRUE,TRUE,TRUE
S0612,4,273,TRUE,NA,TRUE,TRUE,TRUE
S0613,1,828,TRUE,NA,TRUE,TRUE,TRUE
S0613,2,530,TRUE,NA,TRUE,TRUE,TRUE
S0613,3,655,TRUE,NA,TRUE,TRUE,TRUE
S0613,4,986,TRUE,NA,TRUE,TRUE,TRUE
S0614,1,777,TRUE,NA,TRUE,TRUE,TRUE
S0614,2,258,TRUE,NA,TRUE,TRUE,TRUE
S0614,3,316,TRUE,NA,TRUE,TRUE,TRUE
S0614,4,471,TRUE,NA,TRUE,TRUE,TRUE
S0615,1,440,TRUE,NA,TRUE,TRUE,TRUE
S0616,1,404,TRUE,NA,TRUE,TRUE,TRUE
S0616,2,111,TRUE,NA,TRUE,TRUE,TRUE
S0616,3,512,TRUE,NA,TRUE,TRUE,TRUE
S0616,4,531,TRUE,NA,TRUE,TRUE,TRUE
S0617,1,725,TRUE,NA,TRUE,TRUE,TRUE
S0617,2,227,TRUE,NA,TRUE,TRUE,TRUE
S0617,3,240,TRUE,NA,TRUE,TRUE,TRUE
S0617,4,403,TRUE,NA,TRUE,TRUE,TRUE
S0618,1,579,TRUE,NA,TRUE,TRUE,TRUE
S0618,2,171,TRUE,NA,TRUE,TRUE,TRUE
S0618,3,153,TRUE,NA,TRUE,TRUE,TRUE
S0618,4,272,TRUE,NA,TRUE,TRUE,TRUE
S0619,1,753,TRUE,NA,TRUE,TRUE,TRUE
S0619,2,324,TRUE,NA,TRUE,TRUE,TRUE
S0619,3,354,TRUE,NA,TRUE,TRUE,TRUE
S0619,4,330,TRUE,NA,TRUE,TRUE,TRUE
S0620,1,671,TRUE,NA,TRUE,TRUE,TRUE
S0620,2,208,TRUE,NA,TRUE,TRUE,TRUE
S0620,3,214,TRUE,NA,TRUE,TRUE,TRUE
S0620,4,419,TRUE,NA,TRUE,TRUE,TRUE
S0621,1,1039,TRUE,NA,TRUE,TRUE,TRUE
S0621,2,278,FALSE,Did not complete phase,TRUE,FALSE,TRUE
S0622,1,617,TRUE,NA,TRUE,TRUE,TRUE
S0622,2,232,TRUE,NA,TRUE,TRUE,TRUE
S0622,3,302,TRUE,NA,TRUE,TRUE,TRUE
S0622,4,907,TRUE,NA,TRUE,TRUE,TRUE
S0623,1,644,TRUE,NA,TRUE,TRUE,TRUE
S0623,2,286,TRUE,NA,TRUE,TRUE,TRUE
S0623,3,294,TRUE,NA,TRUE,TRUE,TRUE
S0623,4,500,TRUE,NA,TRUE,TRUE,TRUE
S0624,1,2653,FALSE,Session was excluded,TRUE,TRUE,TRUE
S0625,1,NA,FALSE,Did not give consent for phase (or consent missing),FALSE,FALSE,TRUE
S0626,1,497,TRUE,NA,TRUE,TRUE,TRUE
S0626,2,213,TRUE,NA,TRUE,TRUE,TRUE
S0626,3,128,TRUE,NA,TRUE,TRUE,TRUE
S0626,4,372,TRUE,NA,TRUE,TRUE,TRUE
S0627,1,787,TRUE,NA,TRUE,TRUE,TRUE
S0628,1,1392,TRUE,NA,TRUE,TRUE,TRUE
S0628,2,650,TRUE,NA,TRUE,TRUE,TRUE
S0628,3,569,TRUE,NA,TRUE,TRUE,TRUE
S0628,4,1482,TRUE,NA,TRUE,TRUE,TRUE
S0629,1,691,TRUE,NA,TRUE,TRUE,TRUE
S0629,2,266,TRUE,NA,TRUE,TRUE,TRUE
S0629,3,196,TRUE,NA,TRUE,TRUE,TRUE
S0629,4,378,TRUE,NA,TRUE,TRUE,TRUE
S0630,1,3452,FALSE,Did not complete phase,TRUE,FALSE,TRUE
S0631,1,516,TRUE,NA,TRUE,TRUE,TRUE
S0631,2,215,TRUE,NA,TRUE,TRUE,TRUE
S0631,3,179,TRUE,NA,TRUE,TRUE,TRUE
S0631,4,294,TRUE,NA,TRUE,TRUE,TRUE
