"","subject","presentation_identifier","statement_identifier","within_identifier","between_identifier","response","repeated","trial"
"1",58,1,NA,1,1,5,1,NA
"2",58,1,NA,1,1,5,1,NA
"3",58,1,NA,1,1,4,1,NA
"4",58,1,NA,1,1,5,1,NA
"5",58,1,NA,1,1,6,1,NA
"6",58,1,NA,1,1,6,1,NA
"7",58,1,NA,1,1,6,1,NA
"8",58,1,NA,1,1,2,1,NA
"9",58,1,NA,1,1,5,1,NA
"10",58,1,NA,1,1,6,1,NA
"11",58,1,NA,1,1,6,1,NA
"12",58,1,NA,1,1,6,1,NA
"13",58,1,NA,1,1,5,0,NA
"14",58,1,NA,1,1,5,0,NA
"15",58,1,NA,1,1,2,0,NA
"16",58,1,NA,1,1,6,0,NA
"17",58,1,NA,1,1,1,0,NA
"18",58,1,NA,1,1,5,0,NA
"19",58,1,NA,1,1,6,0,NA
"20",58,1,NA,1,1,4,0,NA
"21",58,1,NA,1,1,6,0,NA
"22",58,1,NA,1,1,5,0,NA
"23",58,1,NA,1,1,5,0,NA
"24",58,1,NA,1,1,5,0,NA
"25",61,1,NA,1,1,2,1,NA
"26",61,1,NA,1,1,6,1,NA
"27",61,1,NA,1,1,5,1,NA
"28",61,1,NA,1,1,6,1,NA
"29",61,1,NA,1,1,3,1,NA
"30",61,1,NA,1,1,6,1,NA
"31",61,1,NA,1,1,5,1,NA
"32",61,1,NA,1,1,5,1,NA
"33",61,1,NA,1,1,5,1,NA
"34",61,1,NA,1,1,4,1,NA
"35",61,1,NA,1,1,3,1,NA
"36",61,1,NA,1,1,3,1,NA
"37",61,1,NA,1,1,4,0,NA
"38",61,1,NA,1,1,5,0,NA
"39",61,1,NA,1,1,6,0,NA
"40",61,1,NA,1,1,2,0,NA
"41",61,1,NA,1,1,2,0,NA
"42",61,1,NA,1,1,3,0,NA
"43",61,1,NA,1,1,4,0,NA
"44",61,1,NA,1,1,5,0,NA
"45",61,1,NA,1,1,5,0,NA
"46",61,1,NA,1,1,3,0,NA
"47",61,1,NA,1,1,3,0,NA
"48",61,1,NA,1,1,3,0,NA
"49",62,1,NA,1,1,5,1,NA
"50",62,1,NA,1,1,6,1,NA
"51",62,1,NA,1,1,6,1,NA
"52",62,1,NA,1,1,4,1,NA
"53",62,1,NA,1,1,3,1,NA
"54",62,1,NA,1,1,6,1,NA
"55",62,1,NA,1,1,6,1,NA
"56",62,1,NA,1,1,6,1,NA
"57",62,1,NA,1,1,6,1,NA
"58",62,1,NA,1,1,6,1,NA
"59",62,1,NA,1,1,5,1,NA
"60",62,1,NA,1,1,2,1,NA
"61",62,1,NA,1,1,4,0,NA
"62",62,1,NA,1,1,3,0,NA
"63",62,1,NA,1,1,5,0,NA
"64",62,1,NA,1,1,5,0,NA
"65",62,1,NA,1,1,4,0,NA
"66",62,1,NA,1,1,4,0,NA
"67",62,1,NA,1,1,1,0,NA
"68",62,1,NA,1,1,2,0,NA
"69",62,1,NA,1,1,4,0,NA
"70",62,1,NA,1,1,2,0,NA
"71",62,1,NA,1,1,2,0,NA
"72",62,1,NA,1,1,4,0,NA
"73",63,1,NA,1,1,6,1,NA
"74",63,1,NA,1,1,2,1,NA
"75",63,1,NA,1,1,6,1,NA
"76",63,1,NA,1,1,4,1,NA
"77",63,1,NA,1,1,5,1,NA
"78",63,1,NA,1,1,5,1,NA
"79",63,1,NA,1,1,6,1,NA
"80",63,1,NA,1,1,4,1,NA
"81",63,1,NA,1,1,5,1,NA
"82",63,1,NA,1,1,5,1,NA
"83",63,1,NA,1,1,6,1,NA
"84",63,1,NA,1,1,4,1,NA
"85",63,1,NA,1,1,5,0,NA
"86",63,1,NA,1,1,2,0,NA
"87",63,1,NA,1,1,2,0,NA
"88",63,1,NA,1,1,5,0,NA
"89",63,1,NA,1,1,4,0,NA
"90",63,1,NA,1,1,2,0,NA
"91",63,1,NA,1,1,3,0,NA
"92",63,1,NA,1,1,5,0,NA
"93",63,1,NA,1,1,5,0,NA
"94",63,1,NA,1,1,3,0,NA
"95",63,1,NA,1,1,4,0,NA
"96",63,1,NA,1,1,3,0,NA
"97",64,1,NA,1,1,4,1,NA
"98",64,1,NA,1,1,2,1,NA
"99",64,1,NA,1,1,4,1,NA
"100",64,1,NA,1,1,4,1,NA
"101",64,1,NA,1,1,4,1,NA
"102",64,1,NA,1,1,4,1,NA
"103",64,1,NA,1,1,4,1,NA
"104",64,1,NA,1,1,4,1,NA
"105",64,1,NA,1,1,4,1,NA
"106",64,1,NA,1,1,3,1,NA
"107",64,1,NA,1,1,4,1,NA
"108",64,1,NA,1,1,2,1,NA
"109",64,1,NA,1,1,4,0,NA
"110",64,1,NA,1,1,4,0,NA
"111",64,1,NA,1,1,3,0,NA
"112",64,1,NA,1,1,3,0,NA
"113",64,1,NA,1,1,3,0,NA
"114",64,1,NA,1,1,3,0,NA
"115",64,1,NA,1,1,4,0,NA
"116",64,1,NA,1,1,4,0,NA
"117",64,1,NA,1,1,4,0,NA
"118",64,1,NA,1,1,4,0,NA
"119",64,1,NA,1,1,4,0,NA
"120",64,1,NA,1,1,4,0,NA
"121",65,1,NA,1,1,6,1,NA
"122",65,1,NA,1,1,6,1,NA
"123",65,1,NA,1,1,6,1,NA
"124",65,1,NA,1,1,6,1,NA
"125",65,1,NA,1,1,6,1,NA
"126",65,1,NA,1,1,6,1,NA
"127",65,1,NA,1,1,6,1,NA
"128",65,1,NA,1,1,6,1,NA
"129",65,1,NA,1,1,6,1,NA
"130",65,1,NA,1,1,6,1,NA
"131",65,1,NA,1,1,4,1,NA
"132",65,1,NA,1,1,6,1,NA
"133",65,1,NA,1,1,1,0,NA
"134",65,1,NA,1,1,2,0,NA
"135",65,1,NA,1,1,4,0,NA
"136",65,1,NA,1,1,2,0,NA
"137",65,1,NA,1,1,3,0,NA
"138",65,1,NA,1,1,3,0,NA
"139",65,1,NA,1,1,5,0,NA
"140",65,1,NA,1,1,3,0,NA
"141",65,1,NA,1,1,1,0,NA
"142",65,1,NA,1,1,3,0,NA
"143",65,1,NA,1,1,4,0,NA
"144",65,1,NA,1,1,4,0,NA
"145",66,1,NA,1,1,6,1,NA
"146",66,1,NA,1,1,5,1,NA
"147",66,1,NA,1,1,6,1,NA
"148",66,1,NA,1,1,4,1,NA
"149",66,1,NA,1,1,5,1,NA
"150",66,1,NA,1,1,6,1,NA
"151",66,1,NA,1,1,5,1,NA
"152",66,1,NA,1,1,5,1,NA
"153",66,1,NA,1,1,5,1,NA
"154",66,1,NA,1,1,6,1,NA
"155",66,1,NA,1,1,4,1,NA
"156",66,1,NA,1,1,5,1,NA
"157",66,1,NA,1,1,4,0,NA
"158",66,1,NA,1,1,4,0,NA
"159",66,1,NA,1,1,4,0,NA
"160",66,1,NA,1,1,3,0,NA
"161",66,1,NA,1,1,4,0,NA
"162",66,1,NA,1,1,6,0,NA
"163",66,1,NA,1,1,4,0,NA
"164",66,1,NA,1,1,4,0,NA
"165",66,1,NA,1,1,2,0,NA
"166",66,1,NA,1,1,3,0,NA
"167",66,1,NA,1,1,3,0,NA
"168",66,1,NA,1,1,3,0,NA
"169",67,1,NA,1,1,5,1,NA
"170",67,1,NA,1,1,6,1,NA
"171",67,1,NA,1,1,5,1,NA
"172",67,1,NA,1,1,4,1,NA
"173",67,1,NA,1,1,4,1,NA
"174",67,1,NA,1,1,4,1,NA
"175",67,1,NA,1,1,6,1,NA
"176",67,1,NA,1,1,4,1,NA
"177",67,1,NA,1,1,6,1,NA
"178",67,1,NA,1,1,4,1,NA
"179",67,1,NA,1,1,5,1,NA
"180",67,1,NA,1,1,6,1,NA
"181",67,1,NA,1,1,3,0,NA
"182",67,1,NA,1,1,4,0,NA
"183",67,1,NA,1,1,3,0,NA
"184",67,1,NA,1,1,4,0,NA
"185",67,1,NA,1,1,3,0,NA
"186",67,1,NA,1,1,5,0,NA
"187",67,1,NA,1,1,4,0,NA
"188",67,1,NA,1,1,3,0,NA
"189",67,1,NA,1,1,5,0,NA
"190",67,1,NA,1,1,4,0,NA
"191",67,1,NA,1,1,3,0,NA
"192",67,1,NA,1,1,4,0,NA
"193",69,1,NA,1,1,3,1,NA
"194",69,1,NA,1,1,3,1,NA
"195",69,1,NA,1,1,5,1,NA
"196",69,1,NA,1,1,3,1,NA
"197",69,1,NA,1,1,5,1,NA
"198",69,1,NA,1,1,4,1,NA
"199",69,1,NA,1,1,2,1,NA
"200",69,1,NA,1,1,3,1,NA
"201",69,1,NA,1,1,3,1,NA
"202",69,1,NA,1,1,4,1,NA
"203",69,1,NA,1,1,4,1,NA
"204",69,1,NA,1,1,4,1,NA
"205",69,1,NA,1,1,3,0,NA
"206",69,1,NA,1,1,3,0,NA
"207",69,1,NA,1,1,4,0,NA
"208",69,1,NA,1,1,4,0,NA
"209",69,1,NA,1,1,3,0,NA
"210",69,1,NA,1,1,4,0,NA
"211",69,1,NA,1,1,5,0,NA
"212",69,1,NA,1,1,3,0,NA
"213",69,1,NA,1,1,5,0,NA
"214",69,1,NA,1,1,3,0,NA
"215",69,1,NA,1,1,4,0,NA
"216",69,1,NA,1,1,4,0,NA
"217",70,1,NA,1,1,6,1,NA
"218",70,1,NA,1,1,6,1,NA
"219",70,1,NA,1,1,6,1,NA
"220",70,1,NA,1,1,2,1,NA
"221",70,1,NA,1,1,1,1,NA
"222",70,1,NA,1,1,1,1,NA
"223",70,1,NA,1,1,6,1,NA
"224",70,1,NA,1,1,4,1,NA
"225",70,1,NA,1,1,3,1,NA
"226",70,1,NA,1,1,6,1,NA
"227",70,1,NA,1,1,1,1,NA
"228",70,1,NA,1,1,6,1,NA
"229",70,1,NA,1,1,4,0,NA
"230",70,1,NA,1,1,4,0,NA
"231",70,1,NA,1,1,6,0,NA
"232",70,1,NA,1,1,6,0,NA
"233",70,1,NA,1,1,1,0,NA
"234",70,1,NA,1,1,6,0,NA
"235",70,1,NA,1,1,1,0,NA
"236",70,1,NA,1,1,5,0,NA
"237",70,1,NA,1,1,4,0,NA
"238",70,1,NA,1,1,3,0,NA
"239",70,1,NA,1,1,4,0,NA
"240",70,1,NA,1,1,1,0,NA
"241",72,1,NA,1,1,5,1,NA
"242",72,1,NA,1,1,6,1,NA
"243",72,1,NA,1,1,5,1,NA
"244",72,1,NA,1,1,4,1,NA
"245",72,1,NA,1,1,4,1,NA
"246",72,1,NA,1,1,6,1,NA
"247",72,1,NA,1,1,6,1,NA
"248",72,1,NA,1,1,5,1,NA
"249",72,1,NA,1,1,3,1,NA
"250",72,1,NA,1,1,5,1,NA
"251",72,1,NA,1,1,5,1,NA
"252",72,1,NA,1,1,5,1,NA
"253",72,1,NA,1,1,5,0,NA
"254",72,1,NA,1,1,5,0,NA
"255",72,1,NA,1,1,5,0,NA
"256",72,1,NA,1,1,5,0,NA
"257",72,1,NA,1,1,4,0,NA
"258",72,1,NA,1,1,4,0,NA
"259",72,1,NA,1,1,4,0,NA
"260",72,1,NA,1,1,5,0,NA
"261",72,1,NA,1,1,2,0,NA
"262",72,1,NA,1,1,4,0,NA
"263",72,1,NA,1,1,4,0,NA
"264",72,1,NA,1,1,6,0,NA
"265",73,1,NA,1,1,6,1,NA
"266",73,1,NA,1,1,2,1,NA
"267",73,1,NA,1,1,6,1,NA
"268",73,1,NA,1,1,3,1,NA
"269",73,1,NA,1,1,4,1,NA
"270",73,1,NA,1,1,6,1,NA
"271",73,1,NA,1,1,6,1,NA
"272",73,1,NA,1,1,6,1,NA
"273",73,1,NA,1,1,6,1,NA
"274",73,1,NA,1,1,6,1,NA
"275",73,1,NA,1,1,6,1,NA
"276",73,1,NA,1,1,1,1,NA
"277",73,1,NA,1,1,4,0,NA
"278",73,1,NA,1,1,5,0,NA
"279",73,1,NA,1,1,4,0,NA
"280",73,1,NA,1,1,4,0,NA
"281",73,1,NA,1,1,3,0,NA
"282",73,1,NA,1,1,2,0,NA
"283",73,1,NA,1,1,4,0,NA
"284",73,1,NA,1,1,4,0,NA
"285",73,1,NA,1,1,3,0,NA
"286",73,1,NA,1,1,5,0,NA
"287",73,1,NA,1,1,4,0,NA
"288",73,1,NA,1,1,5,0,NA
"289",75,1,NA,1,1,6,1,NA
"290",75,1,NA,1,1,6,1,NA
"291",75,1,NA,1,1,6,1,NA
"292",75,1,NA,1,1,5,1,NA
"293",75,1,NA,1,1,6,1,NA
"294",75,1,NA,1,1,5,1,NA
"295",75,1,NA,1,1,6,1,NA
"296",75,1,NA,1,1,4,1,NA
"297",75,1,NA,1,1,5,1,NA
"298",75,1,NA,1,1,4,1,NA
"299",75,1,NA,1,1,3,1,NA
"300",75,1,NA,1,1,5,1,NA
"301",75,1,NA,1,1,2,0,NA
"302",75,1,NA,1,1,3,0,NA
"303",75,1,NA,1,1,4,0,NA
"304",75,1,NA,1,1,3,0,NA
"305",75,1,NA,1,1,3,0,NA
"306",75,1,NA,1,1,4,0,NA
"307",75,1,NA,1,1,4,0,NA
"308",75,1,NA,1,1,4,0,NA
"309",75,1,NA,1,1,3,0,NA
"310",75,1,NA,1,1,3,0,NA
"311",75,1,NA,1,1,3,0,NA
"312",75,1,NA,1,1,4,0,NA
"313",76,1,NA,1,1,6,1,NA
"314",76,1,NA,1,1,5,1,NA
"315",76,1,NA,1,1,6,1,NA
"316",76,1,NA,1,1,6,1,NA
"317",76,1,NA,1,1,5,1,NA
"318",76,1,NA,1,1,6,1,NA
"319",76,1,NA,1,1,6,1,NA
"320",76,1,NA,1,1,6,1,NA
"321",76,1,NA,1,1,2,1,NA
"322",76,1,NA,1,1,3,1,NA
"323",76,1,NA,1,1,3,1,NA
"324",76,1,NA,1,1,3,1,NA
"325",76,1,NA,1,1,4,0,NA
"326",76,1,NA,1,1,3,0,NA
"327",76,1,NA,1,1,3,0,NA
"328",76,1,NA,1,1,6,0,NA
"329",76,1,NA,1,1,3,0,NA
"330",76,1,NA,1,1,3,0,NA
"331",76,1,NA,1,1,4,0,NA
"332",76,1,NA,1,1,3,0,NA
"333",76,1,NA,1,1,3,0,NA
"334",76,1,NA,1,1,4,0,NA
"335",76,1,NA,1,1,4,0,NA
"336",76,1,NA,1,1,6,0,NA
"337",77,1,NA,1,1,6,1,NA
"338",77,1,NA,1,1,2,1,NA
"339",77,1,NA,1,1,3,1,NA
"340",77,1,NA,1,1,4,1,NA
"341",77,1,NA,1,1,6,1,NA
"342",77,1,NA,1,1,6,1,NA
"343",77,1,NA,1,1,6,1,NA
"344",77,1,NA,1,1,2,1,NA
"345",77,1,NA,1,1,6,1,NA
"346",77,1,NA,1,1,4,1,NA
"347",77,1,NA,1,1,5,1,NA
"348",77,1,NA,1,1,2,1,NA
"349",77,1,NA,1,1,6,0,NA
"350",77,1,NA,1,1,5,0,NA
"351",77,1,NA,1,1,1,0,NA
"352",77,1,NA,1,1,3,0,NA
"353",77,1,NA,1,1,3,0,NA
"354",77,1,NA,1,1,2,0,NA
"355",77,1,NA,1,1,3,0,NA
"356",77,1,NA,1,1,2,0,NA
"357",77,1,NA,1,1,6,0,NA
"358",77,1,NA,1,1,2,0,NA
"359",77,1,NA,1,1,3,0,NA
"360",77,1,NA,1,1,6,0,NA
"361",78,1,NA,1,1,6,1,NA
"362",78,1,NA,1,1,6,1,NA
"363",78,1,NA,1,1,1,1,NA
"364",78,1,NA,1,1,6,1,NA
"365",78,1,NA,1,1,6,1,NA
"366",78,1,NA,1,1,5,1,NA
"367",78,1,NA,1,1,6,1,NA
"368",78,1,NA,1,1,6,1,NA
"369",78,1,NA,1,1,6,1,NA
"370",78,1,NA,1,1,4,1,NA
"371",78,1,NA,1,1,6,1,NA
"372",78,1,NA,1,1,6,1,NA
"373",78,1,NA,1,1,2,0,NA
"374",78,1,NA,1,1,4,0,NA
"375",78,1,NA,1,1,3,0,NA
"376",78,1,NA,1,1,2,0,NA
"377",78,1,NA,1,1,2,0,NA
"378",78,1,NA,1,1,3,0,NA
"379",78,1,NA,1,1,3,0,NA
"380",78,1,NA,1,1,2,0,NA
"381",78,1,NA,1,1,3,0,NA
"382",78,1,NA,1,1,2,0,NA
"383",78,1,NA,1,1,3,0,NA
"384",78,1,NA,1,1,3,0,NA
"385",79,1,NA,1,1,6,1,NA
"386",79,1,NA,1,1,6,1,NA
"387",79,1,NA,1,1,5,1,NA
"388",79,1,NA,1,1,6,1,NA
"389",79,1,NA,1,1,5,1,NA
"390",79,1,NA,1,1,4,1,NA
"391",79,1,NA,1,1,6,1,NA
"392",79,1,NA,1,1,6,1,NA
"393",79,1,NA,1,1,5,1,NA
"394",79,1,NA,1,1,5,1,NA
"395",79,1,NA,1,1,6,1,NA
"396",79,1,NA,1,1,5,1,NA
"397",79,1,NA,1,1,4,0,NA
"398",79,1,NA,1,1,4,0,NA
"399",79,1,NA,1,1,5,0,NA
"400",79,1,NA,1,1,4,0,NA
"401",79,1,NA,1,1,5,0,NA
"402",79,1,NA,1,1,4,0,NA
"403",79,1,NA,1,1,4,0,NA
"404",79,1,NA,1,1,4,0,NA
"405",79,1,NA,1,1,3,0,NA
"406",79,1,NA,1,1,4,0,NA
"407",79,1,NA,1,1,4,0,NA
"408",79,1,NA,1,1,4,0,NA
"409",80,1,NA,1,1,2,1,NA
"410",80,1,NA,1,1,3,1,NA
"411",80,1,NA,1,1,4,1,NA
"412",80,1,NA,1,1,2,1,NA
"413",80,1,NA,1,1,5,1,NA
"414",80,1,NA,1,1,4,1,NA
"415",80,1,NA,1,1,4,1,NA
"416",80,1,NA,1,1,3,1,NA
"417",80,1,NA,1,1,3,1,NA
"418",80,1,NA,1,1,3,1,NA
"419",80,1,NA,1,1,3,1,NA
"420",80,1,NA,1,1,5,1,NA
"421",80,1,NA,1,1,5,0,NA
"422",80,1,NA,1,1,4,0,NA
"423",80,1,NA,1,1,4,0,NA
"424",80,1,NA,1,1,4,0,NA
"425",80,1,NA,1,1,4,0,NA
"426",80,1,NA,1,1,2,0,NA
"427",80,1,NA,1,1,3,0,NA
"428",80,1,NA,1,1,6,0,NA
"429",80,1,NA,1,1,2,0,NA
"430",80,1,NA,1,1,5,0,NA
"431",80,1,NA,1,1,3,0,NA
"432",80,1,NA,1,1,4,0,NA
"433",81,1,NA,1,1,5,1,NA
"434",81,1,NA,1,1,3,1,NA
"435",81,1,NA,1,1,6,1,NA
"436",81,1,NA,1,1,6,1,NA
"437",81,1,NA,1,1,4,1,NA
"438",81,1,NA,1,1,6,1,NA
"439",81,1,NA,1,1,4,1,NA
"440",81,1,NA,1,1,4,1,NA
"441",81,1,NA,1,1,4,1,NA
"442",81,1,NA,1,1,6,1,NA
"443",81,1,NA,1,1,6,1,NA
"444",81,1,NA,1,1,6,1,NA
"445",81,1,NA,1,1,4,0,NA
"446",81,1,NA,1,1,6,0,NA
"447",81,1,NA,1,1,3,0,NA
"448",81,1,NA,1,1,4,0,NA
"449",81,1,NA,1,1,6,0,NA
"450",81,1,NA,1,1,5,0,NA
"451",81,1,NA,1,1,4,0,NA
"452",81,1,NA,1,1,3,0,NA
"453",81,1,NA,1,1,3,0,NA
"454",81,1,NA,1,1,4,0,NA
"455",81,1,NA,1,1,3,0,NA
"456",81,1,NA,1,1,4,0,NA
"457",82,1,NA,1,1,5,1,NA
"458",82,1,NA,1,1,2,1,NA
"459",82,1,NA,1,1,5,1,NA
"460",82,1,NA,1,1,4,1,NA
"461",82,1,NA,1,1,4,1,NA
"462",82,1,NA,1,1,4,1,NA
"463",82,1,NA,1,1,3,1,NA
"464",82,1,NA,1,1,4,1,NA
"465",82,1,NA,1,1,2,1,NA
"466",82,1,NA,1,1,3,1,NA
"467",82,1,NA,1,1,5,1,NA
"468",82,1,NA,1,1,4,1,NA
"469",82,1,NA,1,1,5,0,NA
"470",82,1,NA,1,1,4,0,NA
"471",82,1,NA,1,1,4,0,NA
"472",82,1,NA,1,1,3,0,NA
"473",82,1,NA,1,1,4,0,NA
"474",82,1,NA,1,1,3,0,NA
"475",82,1,NA,1,1,3,0,NA
"476",82,1,NA,1,1,2,0,NA
"477",82,1,NA,1,1,2,0,NA
"478",82,1,NA,1,1,4,0,NA
"479",82,1,NA,1,1,3,0,NA
"480",82,1,NA,1,1,5,0,NA
"481",83,1,NA,1,1,6,1,NA
"482",83,1,NA,1,1,6,1,NA
"483",83,1,NA,1,1,6,1,NA
"484",83,1,NA,1,1,6,1,NA
"485",83,1,NA,1,1,6,1,NA
"486",83,1,NA,1,1,6,1,NA
"487",83,1,NA,1,1,6,1,NA
"488",83,1,NA,1,1,6,1,NA
"489",83,1,NA,1,1,6,1,NA
"490",83,1,NA,1,1,6,1,NA
"491",83,1,NA,1,1,6,1,NA
"492",83,1,NA,1,1,5,1,NA
"493",83,1,NA,1,1,5,0,NA
"494",83,1,NA,1,1,3,0,NA
"495",83,1,NA,1,1,3,0,NA
"496",83,1,NA,1,1,3,0,NA
"497",83,1,NA,1,1,1,0,NA
"498",83,1,NA,1,1,5,0,NA
"499",83,1,NA,1,1,4,0,NA
"500",83,1,NA,1,1,4,0,NA
"501",83,1,NA,1,1,5,0,NA
"502",83,1,NA,1,1,5,0,NA
"503",83,1,NA,1,1,4,0,NA
"504",83,1,NA,1,1,6,0,NA
"505",84,1,NA,1,1,1,1,NA
"506",84,1,NA,1,1,4,1,NA
"507",84,1,NA,1,1,4,1,NA
"508",84,1,NA,1,1,1,1,NA
"509",84,1,NA,1,1,5,1,NA
"510",84,1,NA,1,1,5,1,NA
"511",84,1,NA,1,1,3,1,NA
"512",84,1,NA,1,1,3,1,NA
"513",84,1,NA,1,1,5,1,NA
"514",84,1,NA,1,1,3,1,NA
"515",84,1,NA,1,1,3,1,NA
"516",84,1,NA,1,1,6,1,NA
"517",84,1,NA,1,1,4,0,NA
"518",84,1,NA,1,1,3,0,NA
"519",84,1,NA,1,1,2,0,NA
"520",84,1,NA,1,1,3,0,NA
"521",84,1,NA,1,1,1,0,NA
"522",84,1,NA,1,1,3,0,NA
"523",84,1,NA,1,1,1,0,NA
"524",84,1,NA,1,1,4,0,NA
"525",84,1,NA,1,1,3,0,NA
"526",84,1,NA,1,1,3,0,NA
"527",84,1,NA,1,1,2,0,NA
"528",84,1,NA,1,1,4,0,NA
"529",85,1,NA,1,1,6,1,NA
"530",85,1,NA,1,1,6,1,NA
"531",85,1,NA,1,1,6,1,NA
"532",85,1,NA,1,1,6,1,NA
"533",85,1,NA,1,1,6,1,NA
"534",85,1,NA,1,1,4,1,NA
"535",85,1,NA,1,1,6,1,NA
"536",85,1,NA,1,1,6,1,NA
"537",85,1,NA,1,1,4,1,NA
"538",85,1,NA,1,1,4,1,NA
"539",85,1,NA,1,1,6,1,NA
"540",85,1,NA,1,1,6,1,NA
"541",85,1,NA,1,1,4,0,NA
"542",85,1,NA,1,1,3,0,NA
"543",85,1,NA,1,1,3,0,NA
"544",85,1,NA,1,1,5,0,NA
"545",85,1,NA,1,1,4,0,NA
"546",85,1,NA,1,1,4,0,NA
"547",85,1,NA,1,1,4,0,NA
"548",85,1,NA,1,1,5,0,NA
"549",85,1,NA,1,1,4,0,NA
"550",85,1,NA,1,1,4,0,NA
"551",85,1,NA,1,1,4,0,NA
"552",85,1,NA,1,1,4,0,NA
"553",86,1,NA,1,1,5,1,NA
"554",86,1,NA,1,1,5,1,NA
"555",86,1,NA,1,1,6,1,NA
"556",86,1,NA,1,1,1,1,NA
"557",86,1,NA,1,1,3,1,NA
"558",86,1,NA,1,1,4,1,NA
"559",86,1,NA,1,1,6,1,NA
"560",86,1,NA,1,1,5,1,NA
"561",86,1,NA,1,1,4,1,NA
"562",86,1,NA,1,1,6,1,NA
"563",86,1,NA,1,1,5,1,NA
"564",86,1,NA,1,1,6,1,NA
"565",86,1,NA,1,1,4,0,NA
"566",86,1,NA,1,1,3,0,NA
"567",86,1,NA,1,1,6,0,NA
"568",86,1,NA,1,1,4,0,NA
"569",86,1,NA,1,1,4,0,NA
"570",86,1,NA,1,1,4,0,NA
"571",86,1,NA,1,1,1,0,NA
"572",86,1,NA,1,1,3,0,NA
"573",86,1,NA,1,1,3,0,NA
"574",86,1,NA,1,1,4,0,NA
"575",86,1,NA,1,1,4,0,NA
"576",86,1,NA,1,1,4,0,NA
"577",87,1,NA,1,1,6,1,NA
"578",87,1,NA,1,1,6,1,NA
"579",87,1,NA,1,1,6,1,NA
"580",87,1,NA,1,1,6,1,NA
"581",87,1,NA,1,1,6,1,NA
"582",87,1,NA,1,1,5,1,NA
"583",87,1,NA,1,1,6,1,NA
"584",87,1,NA,1,1,6,1,NA
"585",87,1,NA,1,1,4,1,NA
"586",87,1,NA,1,1,6,1,NA
"587",87,1,NA,1,1,6,1,NA
"588",87,1,NA,1,1,6,1,NA
"589",87,1,NA,1,1,4,0,NA
"590",87,1,NA,1,1,5,0,NA
"591",87,1,NA,1,1,5,0,NA
"592",87,1,NA,1,1,3,0,NA
"593",87,1,NA,1,1,4,0,NA
"594",87,1,NA,1,1,5,0,NA
"595",87,1,NA,1,1,4,0,NA
"596",87,1,NA,1,1,5,0,NA
"597",87,1,NA,1,1,5,0,NA
"598",87,1,NA,1,1,2,0,NA
"599",87,1,NA,1,1,5,0,NA
"600",87,1,NA,1,1,4,0,NA
"601",88,1,NA,1,1,6,1,NA
"602",88,1,NA,1,1,6,1,NA
"603",88,1,NA,1,1,6,1,NA
"604",88,1,NA,1,1,6,1,NA
"605",88,1,NA,1,1,3,1,NA
"606",88,1,NA,1,1,6,1,NA
"607",88,1,NA,1,1,6,1,NA
"608",88,1,NA,1,1,6,1,NA
"609",88,1,NA,1,1,6,1,NA
"610",88,1,NA,1,1,4,1,NA
"611",88,1,NA,1,1,6,1,NA
"612",88,1,NA,1,1,6,1,NA
"613",88,1,NA,1,1,4,0,NA
"614",88,1,NA,1,1,6,0,NA
"615",88,1,NA,1,1,3,0,NA
"616",88,1,NA,1,1,4,0,NA
"617",88,1,NA,1,1,3,0,NA
"618",88,1,NA,1,1,4,0,NA
"619",88,1,NA,1,1,4,0,NA
"620",88,1,NA,1,1,6,0,NA
"621",88,1,NA,1,1,2,0,NA
"622",88,1,NA,1,1,4,0,NA
"623",88,1,NA,1,1,4,0,NA
"624",88,1,NA,1,1,3,0,NA
"625",89,1,NA,1,1,4,1,NA
"626",89,1,NA,1,1,4,1,NA
"627",89,1,NA,1,1,4,1,NA
"628",89,1,NA,1,1,3,1,NA
"629",89,1,NA,1,1,5,1,NA
"630",89,1,NA,1,1,3,1,NA
"631",89,1,NA,1,1,4,1,NA
"632",89,1,NA,1,1,4,1,NA
"633",89,1,NA,1,1,4,1,NA
"634",89,1,NA,1,1,4,1,NA
"635",89,1,NA,1,1,3,1,NA
"636",89,1,NA,1,1,3,1,NA
"637",89,1,NA,1,1,4,0,NA
"638",89,1,NA,1,1,4,0,NA
"639",89,1,NA,1,1,4,0,NA
"640",89,1,NA,1,1,5,0,NA
"641",89,1,NA,1,1,3,0,NA
"642",89,1,NA,1,1,4,0,NA
"643",89,1,NA,1,1,4,0,NA
"644",89,1,NA,1,1,3,0,NA
"645",89,1,NA,1,1,4,0,NA
"646",89,1,NA,1,1,2,0,NA
"647",89,1,NA,1,1,4,0,NA
"648",89,1,NA,1,1,3,0,NA
"649",90,1,NA,1,1,6,1,NA
"650",90,1,NA,1,1,5,1,NA
"651",90,1,NA,1,1,3,1,NA
"652",90,1,NA,1,1,5,1,NA
"653",90,1,NA,1,1,4,1,NA
"654",90,1,NA,1,1,5,1,NA
"655",90,1,NA,1,1,6,1,NA
"656",90,1,NA,1,1,6,1,NA
"657",90,1,NA,1,1,6,1,NA
"658",90,1,NA,1,1,6,1,NA
"659",90,1,NA,1,1,5,1,NA
"660",90,1,NA,1,1,5,1,NA
"661",90,1,NA,1,1,3,0,NA
"662",90,1,NA,1,1,4,0,NA
"663",90,1,NA,1,1,4,0,NA
"664",90,1,NA,1,1,6,0,NA
"665",90,1,NA,1,1,1,0,NA
"666",90,1,NA,1,1,6,0,NA
"667",90,1,NA,1,1,3,0,NA
"668",90,1,NA,1,1,3,0,NA
"669",90,1,NA,1,1,4,0,NA
"670",90,1,NA,1,1,3,0,NA
"671",90,1,NA,1,1,3,0,NA
"672",90,1,NA,1,1,3,0,NA
"673",92,1,NA,1,1,5,1,NA
"674",92,1,NA,1,1,5,1,NA
"675",92,1,NA,1,1,5,1,NA
"676",92,1,NA,1,1,5,1,NA
"677",92,1,NA,1,1,5,1,NA
"678",92,1,NA,1,1,2,1,NA
"679",92,1,NA,1,1,6,1,NA
"680",92,1,NA,1,1,5,1,NA
"681",92,1,NA,1,1,5,1,NA
"682",92,1,NA,1,1,6,1,NA
"683",92,1,NA,1,1,4,1,NA
"684",92,1,NA,1,1,6,1,NA
"685",92,1,NA,1,1,5,0,NA
"686",92,1,NA,1,1,5,0,NA
"687",92,1,NA,1,1,4,0,NA
"688",92,1,NA,1,1,4,0,NA
"689",92,1,NA,1,1,4,0,NA
"690",92,1,NA,1,1,3,0,NA
"691",92,1,NA,1,1,4,0,NA
"692",92,1,NA,1,1,5,0,NA
"693",92,1,NA,1,1,4,0,NA
"694",92,1,NA,1,1,3,0,NA
"695",92,1,NA,1,1,3,0,NA
"696",92,1,NA,1,1,2,0,NA
"697",93,1,NA,1,1,6,1,NA
"698",93,1,NA,1,1,6,1,NA
"699",93,1,NA,1,1,6,1,NA
"700",93,1,NA,1,1,2,1,NA
"701",93,1,NA,1,1,1,1,NA
"702",93,1,NA,1,1,2,1,NA
"703",93,1,NA,1,1,4,1,NA
"704",93,1,NA,1,1,2,1,NA
"705",93,1,NA,1,1,5,1,NA
"706",93,1,NA,1,1,6,1,NA
"707",93,1,NA,1,1,1,1,NA
"708",93,1,NA,1,1,1,1,NA
"709",93,1,NA,1,1,5,0,NA
"710",93,1,NA,1,1,4,0,NA
"711",93,1,NA,1,1,3,0,NA
"712",93,1,NA,1,1,6,0,NA
"713",93,1,NA,1,1,4,0,NA
"714",93,1,NA,1,1,4,0,NA
"715",93,1,NA,1,1,1,0,NA
"716",93,1,NA,1,1,3,0,NA
"717",93,1,NA,1,1,5,0,NA
"718",93,1,NA,1,1,3,0,NA
"719",93,1,NA,1,1,1,0,NA
"720",93,1,NA,1,1,1,0,NA
"721",94,1,NA,1,1,5,1,NA
"722",94,1,NA,1,1,6,1,NA
"723",94,1,NA,1,1,4,1,NA
"724",94,1,NA,1,1,4,1,NA
"725",94,1,NA,1,1,5,1,NA
"726",94,1,NA,1,1,4,1,NA
"727",94,1,NA,1,1,5,1,NA
"728",94,1,NA,1,1,6,1,NA
"729",94,1,NA,1,1,3,1,NA
"730",94,1,NA,1,1,3,1,NA
"731",94,1,NA,1,1,5,1,NA
"732",94,1,NA,1,1,5,1,NA
"733",94,1,NA,1,1,6,0,NA
"734",94,1,NA,1,1,6,0,NA
"735",94,1,NA,1,1,5,0,NA
"736",94,1,NA,1,1,5,0,NA
"737",94,1,NA,1,1,4,0,NA
"738",94,1,NA,1,1,2,0,NA
"739",94,1,NA,1,1,4,0,NA
"740",94,1,NA,1,1,4,0,NA
"741",94,1,NA,1,1,4,0,NA
"742",94,1,NA,1,1,5,0,NA
"743",94,1,NA,1,1,4,0,NA
"744",94,1,NA,1,1,4,0,NA
"745",95,1,NA,1,1,6,1,NA
"746",95,1,NA,1,1,5,1,NA
"747",95,1,NA,1,1,6,1,NA
"748",95,1,NA,1,1,6,1,NA
"749",95,1,NA,1,1,6,1,NA
"750",95,1,NA,1,1,6,1,NA
"751",95,1,NA,1,1,1,1,NA
"752",95,1,NA,1,1,6,1,NA
"753",95,1,NA,1,1,6,1,NA
"754",95,1,NA,1,1,6,1,NA
"755",95,1,NA,1,1,6,1,NA
"756",95,1,NA,1,1,6,1,NA
"757",95,1,NA,1,1,3,0,NA
"758",95,1,NA,1,1,5,0,NA
"759",95,1,NA,1,1,2,0,NA
"760",95,1,NA,1,1,3,0,NA
"761",95,1,NA,1,1,3,0,NA
"762",95,1,NA,1,1,2,0,NA
"763",95,1,NA,1,1,3,0,NA
"764",95,1,NA,1,1,5,0,NA
"765",95,1,NA,1,1,3,0,NA
"766",95,1,NA,1,1,4,0,NA
"767",95,1,NA,1,1,2,0,NA
"768",95,1,NA,1,1,2,0,NA
"769",96,1,NA,1,1,5,1,NA
"770",96,1,NA,1,1,4,1,NA
"771",96,1,NA,1,1,5,1,NA
"772",96,1,NA,1,1,5,1,NA
"773",96,1,NA,1,1,4,1,NA
"774",96,1,NA,1,1,4,1,NA
"775",96,1,NA,1,1,6,1,NA
"776",96,1,NA,1,1,6,1,NA
"777",96,1,NA,1,1,6,1,NA
"778",96,1,NA,1,1,1,1,NA
"779",96,1,NA,1,1,4,1,NA
"780",96,1,NA,1,1,3,1,NA
"781",96,1,NA,1,1,4,0,NA
"782",96,1,NA,1,1,5,0,NA
"783",96,1,NA,1,1,5,0,NA
"784",96,1,NA,1,1,6,0,NA
"785",96,1,NA,1,1,2,0,NA
"786",96,1,NA,1,1,4,0,NA
"787",96,1,NA,1,1,6,0,NA
"788",96,1,NA,1,1,5,0,NA
"789",96,1,NA,1,1,4,0,NA
"790",96,1,NA,1,1,4,0,NA
"791",96,1,NA,1,1,5,0,NA
"792",96,1,NA,1,1,4,0,NA
"793",99,1,NA,1,1,5,1,NA
"794",99,1,NA,1,1,4,1,NA
"795",99,1,NA,1,1,3,1,NA
"796",99,1,NA,1,1,3,1,NA
"797",99,1,NA,1,1,1,1,NA
"798",99,1,NA,1,1,4,1,NA
"799",99,1,NA,1,1,3,1,NA
"800",99,1,NA,1,1,5,1,NA
"801",99,1,NA,1,1,5,1,NA
"802",99,1,NA,1,1,6,1,NA
"803",99,1,NA,1,1,4,1,NA
"804",99,1,NA,1,1,4,1,NA
"805",99,1,NA,1,1,4,0,NA
"806",99,1,NA,1,1,1,0,NA
"807",99,1,NA,1,1,5,0,NA
"808",99,1,NA,1,1,5,0,NA
"809",99,1,NA,1,1,4,0,NA
"810",99,1,NA,1,1,5,0,NA
"811",99,1,NA,1,1,1,0,NA
"812",99,1,NA,1,1,3,0,NA
"813",99,1,NA,1,1,4,0,NA
"814",99,1,NA,1,1,3,0,NA
"815",99,1,NA,1,1,4,0,NA
"816",99,1,NA,1,1,4,0,NA
"817",100,1,NA,1,1,5,1,NA
"818",100,1,NA,1,1,5,1,NA
"819",100,1,NA,1,1,4,1,NA
"820",100,1,NA,1,1,4,1,NA
"821",100,1,NA,1,1,5,1,NA
"822",100,1,NA,1,1,4,1,NA
"823",100,1,NA,1,1,5,1,NA
"824",100,1,NA,1,1,5,1,NA
"825",100,1,NA,1,1,4,1,NA
"826",100,1,NA,1,1,5,1,NA
"827",100,1,NA,1,1,4,1,NA
"828",100,1,NA,1,1,3,1,NA
"829",100,1,NA,1,1,3,0,NA
"830",100,1,NA,1,1,3,0,NA
"831",100,1,NA,1,1,4,0,NA
"832",100,1,NA,1,1,5,0,NA
"833",100,1,NA,1,1,3,0,NA
"834",100,1,NA,1,1,2,0,NA
"835",100,1,NA,1,1,4,0,NA
"836",100,1,NA,1,1,2,0,NA
"837",100,1,NA,1,1,1,0,NA
"838",100,1,NA,1,1,2,0,NA
"839",100,1,NA,1,1,4,0,NA
"840",100,1,NA,1,1,4,0,NA
"841",101,1,NA,1,1,5,1,NA
"842",101,1,NA,1,1,3,1,NA
"843",101,1,NA,1,1,3,1,NA
"844",101,1,NA,1,1,3,1,NA
"845",101,1,NA,1,1,4,1,NA
"846",101,1,NA,1,1,3,1,NA
"847",101,1,NA,1,1,4,1,NA
"848",101,1,NA,1,1,5,1,NA
"849",101,1,NA,1,1,5,1,NA
"850",101,1,NA,1,1,3,1,NA
"851",101,1,NA,1,1,4,1,NA
"852",101,1,NA,1,1,3,1,NA
"853",101,1,NA,1,1,2,0,NA
"854",101,1,NA,1,1,2,0,NA
"855",101,1,NA,1,1,3,0,NA
"856",101,1,NA,1,1,1,0,NA
"857",101,1,NA,1,1,5,0,NA
"858",101,1,NA,1,1,3,0,NA
"859",101,1,NA,1,1,2,0,NA
"860",101,1,NA,1,1,2,0,NA
"861",101,1,NA,1,1,3,0,NA
"862",101,1,NA,1,1,3,0,NA
"863",101,1,NA,1,1,3,0,NA
"864",101,1,NA,1,1,2,0,NA
"865",102,1,NA,1,1,6,1,NA
"866",102,1,NA,1,1,6,1,NA
"867",102,1,NA,1,1,6,1,NA
"868",102,1,NA,1,1,6,1,NA
"869",102,1,NA,1,1,5,1,NA
"870",102,1,NA,1,1,6,1,NA
"871",102,1,NA,1,1,6,1,NA
"872",102,1,NA,1,1,6,1,NA
"873",102,1,NA,1,1,6,1,NA
"874",102,1,NA,1,1,6,1,NA
"875",102,1,NA,1,1,6,1,NA
"876",102,1,NA,1,1,6,1,NA
"877",102,1,NA,1,1,4,0,NA
"878",102,1,NA,1,1,1,0,NA
"879",102,1,NA,1,1,5,0,NA
"880",102,1,NA,1,1,4,0,NA
"881",102,1,NA,1,1,4,0,NA
"882",102,1,NA,1,1,4,0,NA
"883",102,1,NA,1,1,4,0,NA
"884",102,1,NA,1,1,4,0,NA
"885",102,1,NA,1,1,4,0,NA
"886",102,1,NA,1,1,1,0,NA
"887",102,1,NA,1,1,4,0,NA
"888",102,1,NA,1,1,4,0,NA
"889",103,1,NA,1,1,5,1,NA
"890",103,1,NA,1,1,5,1,NA
"891",103,1,NA,1,1,4,1,NA
"892",103,1,NA,1,1,5,1,NA
"893",103,1,NA,1,1,5,1,NA
"894",103,1,NA,1,1,5,1,NA
"895",103,1,NA,1,1,5,1,NA
"896",103,1,NA,1,1,5,1,NA
"897",103,1,NA,1,1,5,1,NA
"898",103,1,NA,1,1,5,1,NA
"899",103,1,NA,1,1,5,1,NA
"900",103,1,NA,1,1,4,1,NA
"901",103,1,NA,1,1,3,0,NA
"902",103,1,NA,1,1,4,0,NA
"903",103,1,NA,1,1,4,0,NA
"904",103,1,NA,1,1,4,0,NA
"905",103,1,NA,1,1,3,0,NA
"906",103,1,NA,1,1,4,0,NA
"907",103,1,NA,1,1,4,0,NA
"908",103,1,NA,1,1,4,0,NA
"909",103,1,NA,1,1,4,0,NA
"910",103,1,NA,1,1,4,0,NA
"911",103,1,NA,1,1,4,0,NA
"912",103,1,NA,1,1,3,0,NA
"913",104,1,NA,1,1,4,1,NA
"914",104,1,NA,1,1,2,1,NA
"915",104,1,NA,1,1,5,1,NA
"916",104,1,NA,1,1,5,1,NA
"917",104,1,NA,1,1,5,1,NA
"918",104,1,NA,1,1,4,1,NA
"919",104,1,NA,1,1,5,1,NA
"920",104,1,NA,1,1,6,1,NA
"921",104,1,NA,1,1,5,1,NA
"922",104,1,NA,1,1,5,1,NA
"923",104,1,NA,1,1,5,1,NA
"924",104,1,NA,1,1,5,1,NA
"925",104,1,NA,1,1,5,0,NA
"926",104,1,NA,1,1,4,0,NA
"927",104,1,NA,1,1,2,0,NA
"928",104,1,NA,1,1,1,0,NA
"929",104,1,NA,1,1,4,0,NA
"930",104,1,NA,1,1,4,0,NA
"931",104,1,NA,1,1,4,0,NA
"932",104,1,NA,1,1,4,0,NA
"933",104,1,NA,1,1,5,0,NA
"934",104,1,NA,1,1,3,0,NA
"935",104,1,NA,1,1,4,0,NA
"936",104,1,NA,1,1,4,0,NA
"937",105,1,NA,1,1,4,1,NA
"938",105,1,NA,1,1,3,1,NA
"939",105,1,NA,1,1,2,1,NA
"940",105,1,NA,1,1,4,1,NA
"941",105,1,NA,1,1,3,1,NA
"942",105,1,NA,1,1,2,1,NA
"943",105,1,NA,1,1,3,1,NA
"944",105,1,NA,1,1,2,1,NA
"945",105,1,NA,1,1,4,1,NA
"946",105,1,NA,1,1,2,1,NA
"947",105,1,NA,1,1,4,1,NA
"948",105,1,NA,1,1,4,1,NA
"949",105,1,NA,1,1,3,0,NA
"950",105,1,NA,1,1,4,0,NA
"951",105,1,NA,1,1,4,0,NA
"952",105,1,NA,1,1,3,0,NA
"953",105,1,NA,1,1,2,0,NA
"954",105,1,NA,1,1,4,0,NA
"955",105,1,NA,1,1,3,0,NA
"956",105,1,NA,1,1,2,0,NA
"957",105,1,NA,1,1,2,0,NA
"958",105,1,NA,1,1,3,0,NA
"959",105,1,NA,1,1,2,0,NA
"960",105,1,NA,1,1,6,0,NA
"961",106,1,NA,1,1,4,1,NA
"962",106,1,NA,1,1,4,1,NA
"963",106,1,NA,1,1,4,1,NA
"964",106,1,NA,1,1,6,1,NA
"965",106,1,NA,1,1,3,1,NA
"966",106,1,NA,1,1,3,1,NA
"967",106,1,NA,1,1,4,1,NA
"968",106,1,NA,1,1,2,1,NA
"969",106,1,NA,1,1,5,1,NA
"970",106,1,NA,1,1,5,1,NA
"971",106,1,NA,1,1,1,1,NA
"972",106,1,NA,1,1,6,1,NA
"973",106,1,NA,1,1,6,0,NA
"974",106,1,NA,1,1,3,0,NA
"975",106,1,NA,1,1,3,0,NA
"976",106,1,NA,1,1,4,0,NA
"977",106,1,NA,1,1,5,0,NA
"978",106,1,NA,1,1,5,0,NA
"979",106,1,NA,1,1,5,0,NA
"980",106,1,NA,1,1,5,0,NA
"981",106,1,NA,1,1,4,0,NA
"982",106,1,NA,1,1,4,0,NA
"983",106,1,NA,1,1,5,0,NA
"984",106,1,NA,1,1,2,0,NA
"985",107,1,NA,1,1,6,1,NA
"986",107,1,NA,1,1,5,1,NA
"987",107,1,NA,1,1,1,1,NA
"988",107,1,NA,1,1,1,1,NA
"989",107,1,NA,1,1,1,1,NA
"990",107,1,NA,1,1,1,1,NA
"991",107,1,NA,1,1,6,1,NA
"992",107,1,NA,1,1,5,1,NA
"993",107,1,NA,1,1,6,1,NA
"994",107,1,NA,1,1,6,1,NA
"995",107,1,NA,1,1,6,1,NA
"996",107,1,NA,1,1,6,1,NA
"997",107,1,NA,1,1,2,0,NA
"998",107,1,NA,1,1,1,0,NA
"999",107,1,NA,1,1,4,0,NA
"1000",107,1,NA,1,1,6,0,NA
"1001",107,1,NA,1,1,5,0,NA
"1002",107,1,NA,1,1,1,0,NA
"1003",107,1,NA,1,1,6,0,NA
"1004",107,1,NA,1,1,6,0,NA
"1005",107,1,NA,1,1,5,0,NA
"1006",107,1,NA,1,1,3,0,NA
"1007",107,1,NA,1,1,4,0,NA
"1008",107,1,NA,1,1,6,0,NA
"1009",109,1,NA,1,1,5,1,NA
"1010",109,1,NA,1,1,5,1,NA
"1011",109,1,NA,1,1,5,1,NA
"1012",109,1,NA,1,1,5,1,NA
"1013",109,1,NA,1,1,6,1,NA
"1014",109,1,NA,1,1,5,1,NA
"1015",109,1,NA,1,1,5,1,NA
"1016",109,1,NA,1,1,5,1,NA
"1017",109,1,NA,1,1,5,1,NA
"1018",109,1,NA,1,1,5,1,NA
"1019",109,1,NA,1,1,4,1,NA
"1020",109,1,NA,1,1,6,1,NA
"1021",109,1,NA,1,1,5,0,NA
"1022",109,1,NA,1,1,5,0,NA
"1023",109,1,NA,1,1,5,0,NA
"1024",109,1,NA,1,1,5,0,NA
"1025",109,1,NA,1,1,5,0,NA
"1026",109,1,NA,1,1,5,0,NA
"1027",109,1,NA,1,1,5,0,NA
"1028",109,1,NA,1,1,5,0,NA
"1029",109,1,NA,1,1,5,0,NA
"1030",109,1,NA,1,1,4,0,NA
"1031",109,1,NA,1,1,5,0,NA
"1032",109,1,NA,1,1,5,0,NA
"1033",112,1,NA,1,1,6,1,NA
"1034",112,1,NA,1,1,6,1,NA
"1035",112,1,NA,1,1,6,1,NA
"1036",112,1,NA,1,1,6,1,NA
"1037",112,1,NA,1,1,6,1,NA
"1038",112,1,NA,1,1,6,1,NA
"1039",112,1,NA,1,1,6,1,NA
"1040",112,1,NA,1,1,6,1,NA
"1041",112,1,NA,1,1,6,1,NA
"1042",112,1,NA,1,1,6,1,NA
"1043",112,1,NA,1,1,6,1,NA
"1044",112,1,NA,1,1,4,1,NA
"1045",112,1,NA,1,1,4,0,NA
"1046",112,1,NA,1,1,4,0,NA
"1047",112,1,NA,1,1,4,0,NA
"1048",112,1,NA,1,1,4,0,NA
"1049",112,1,NA,1,1,4,0,NA
"1050",112,1,NA,1,1,3,0,NA
"1051",112,1,NA,1,1,4,0,NA
"1052",112,1,NA,1,1,4,0,NA
"1053",112,1,NA,1,1,4,0,NA
"1054",112,1,NA,1,1,4,0,NA
"1055",112,1,NA,1,1,4,0,NA
"1056",112,1,NA,1,1,4,0,NA
"1057",113,1,NA,1,1,6,1,NA
"1058",113,1,NA,1,1,6,1,NA
"1059",113,1,NA,1,1,6,1,NA
"1060",113,1,NA,1,1,6,1,NA
"1061",113,1,NA,1,1,6,1,NA
"1062",113,1,NA,1,1,6,1,NA
"1063",113,1,NA,1,1,6,1,NA
"1064",113,1,NA,1,1,6,1,NA
"1065",113,1,NA,1,1,6,1,NA
"1066",113,1,NA,1,1,6,1,NA
"1067",113,1,NA,1,1,6,1,NA
"1068",113,1,NA,1,1,6,1,NA
"1069",113,1,NA,1,1,6,0,NA
"1070",113,1,NA,1,1,6,0,NA
"1071",113,1,NA,1,1,6,0,NA
"1072",113,1,NA,1,1,6,0,NA
"1073",113,1,NA,1,1,6,0,NA
"1074",113,1,NA,1,1,6,0,NA
"1075",113,1,NA,1,1,6,0,NA
"1076",113,1,NA,1,1,6,0,NA
"1077",113,1,NA,1,1,6,0,NA
"1078",113,1,NA,1,1,6,0,NA
"1079",113,1,NA,1,1,6,0,NA
"1080",113,1,NA,1,1,6,0,NA
"1081",114,1,NA,1,1,5,1,NA
"1082",114,1,NA,1,1,4,1,NA
"1083",114,1,NA,1,1,4,1,NA
"1084",114,1,NA,1,1,6,1,NA
"1085",114,1,NA,1,1,4,1,NA
"1086",114,1,NA,1,1,5,1,NA
"1087",114,1,NA,1,1,4,1,NA
"1088",114,1,NA,1,1,5,1,NA
"1089",114,1,NA,1,1,5,1,NA
"1090",114,1,NA,1,1,5,1,NA
"1091",114,1,NA,1,1,4,1,NA
"1092",114,1,NA,1,1,5,1,NA
"1093",114,1,NA,1,1,5,0,NA
"1094",114,1,NA,1,1,2,0,NA
"1095",114,1,NA,1,1,6,0,NA
"1096",114,1,NA,1,1,2,0,NA
"1097",114,1,NA,1,1,4,0,NA
"1098",114,1,NA,1,1,4,0,NA
"1099",114,1,NA,1,1,4,0,NA
"1100",114,1,NA,1,1,5,0,NA
"1101",114,1,NA,1,1,5,0,NA
"1102",114,1,NA,1,1,3,0,NA
"1103",114,1,NA,1,1,3,0,NA
"1104",114,1,NA,1,1,2,0,NA
"1105",117,1,NA,1,1,6,1,NA
"1106",117,1,NA,1,1,6,1,NA
"1107",117,1,NA,1,1,6,1,NA
"1108",117,1,NA,1,1,4,1,NA
"1109",117,1,NA,1,1,4,1,NA
"1110",117,1,NA,1,1,6,1,NA
"1111",117,1,NA,1,1,6,1,NA
"1112",117,1,NA,1,1,3,1,NA
"1113",117,1,NA,1,1,5,1,NA
"1114",117,1,NA,1,1,6,1,NA
"1115",117,1,NA,1,1,6,1,NA
"1116",117,1,NA,1,1,3,1,NA
"1117",117,1,NA,1,1,4,0,NA
"1118",117,1,NA,1,1,3,0,NA
"1119",117,1,NA,1,1,4,0,NA
"1120",117,1,NA,1,1,6,0,NA
"1121",117,1,NA,1,1,4,0,NA
"1122",117,1,NA,1,1,5,0,NA
"1123",117,1,NA,1,1,4,0,NA
"1124",117,1,NA,1,1,5,0,NA
"1125",117,1,NA,1,1,4,0,NA
"1126",117,1,NA,1,1,4,0,NA
"1127",117,1,NA,1,1,5,0,NA
"1128",117,1,NA,1,1,3,0,NA
"1129",119,1,NA,1,1,6,1,NA
"1130",119,1,NA,1,1,6,1,NA
"1131",119,1,NA,1,1,5,1,NA
"1132",119,1,NA,1,1,6,1,NA
"1133",119,1,NA,1,1,5,1,NA
"1134",119,1,NA,1,1,4,1,NA
"1135",119,1,NA,1,1,6,1,NA
"1136",119,1,NA,1,1,5,1,NA
"1137",119,1,NA,1,1,4,1,NA
"1138",119,1,NA,1,1,3,1,NA
"1139",119,1,NA,1,1,3,1,NA
"1140",119,1,NA,1,1,6,1,NA
"1141",119,1,NA,1,1,4,0,NA
"1142",119,1,NA,1,1,4,0,NA
"1143",119,1,NA,1,1,4,0,NA
"1144",119,1,NA,1,1,3,0,NA
"1145",119,1,NA,1,1,3,0,NA
"1146",119,1,NA,1,1,4,0,NA
"1147",119,1,NA,1,1,5,0,NA
"1148",119,1,NA,1,1,3,0,NA
"1149",119,1,NA,1,1,4,0,NA
"1150",119,1,NA,1,1,4,0,NA
"1151",119,1,NA,1,1,3,0,NA
"1152",119,1,NA,1,1,4,0,NA
"1153",120,1,NA,1,1,3,1,NA
"1154",120,1,NA,1,1,3,1,NA
"1155",120,1,NA,1,1,3,1,NA
"1156",120,1,NA,1,1,2,1,NA
"1157",120,1,NA,1,1,3,1,NA
"1158",120,1,NA,1,1,3,1,NA
"1159",120,1,NA,1,1,4,1,NA
"1160",120,1,NA,1,1,5,1,NA
"1161",120,1,NA,1,1,4,1,NA
"1162",120,1,NA,1,1,3,1,NA
"1163",120,1,NA,1,1,2,1,NA
"1164",120,1,NA,1,1,3,1,NA
"1165",120,1,NA,1,1,4,0,NA
"1166",120,1,NA,1,1,3,0,NA
"1167",120,1,NA,1,1,3,0,NA
"1168",120,1,NA,1,1,2,0,NA
"1169",120,1,NA,1,1,2,0,NA
"1170",120,1,NA,1,1,4,0,NA
"1171",120,1,NA,1,1,4,0,NA
"1172",120,1,NA,1,1,3,0,NA
"1173",120,1,NA,1,1,3,0,NA
"1174",120,1,NA,1,1,3,0,NA
"1175",120,1,NA,1,1,3,0,NA
"1176",120,1,NA,1,1,2,0,NA
"1177",121,1,NA,1,1,4,1,NA
"1178",121,1,NA,1,1,4,1,NA
"1179",121,1,NA,1,1,5,1,NA
"1180",121,1,NA,1,1,6,1,NA
"1181",121,1,NA,1,1,6,1,NA
"1182",121,1,NA,1,1,4,1,NA
"1183",121,1,NA,1,1,6,1,NA
"1184",121,1,NA,1,1,5,1,NA
"1185",121,1,NA,1,1,6,1,NA
"1186",121,1,NA,1,1,6,1,NA
"1187",121,1,NA,1,1,1,1,NA
"1188",121,1,NA,1,1,3,1,NA
"1189",121,1,NA,1,1,3,0,NA
"1190",121,1,NA,1,1,4,0,NA
"1191",121,1,NA,1,1,4,0,NA
"1192",121,1,NA,1,1,3,0,NA
"1193",121,1,NA,1,1,3,0,NA
"1194",121,1,NA,1,1,3,0,NA
"1195",121,1,NA,1,1,4,0,NA
"1196",121,1,NA,1,1,3,0,NA
"1197",121,1,NA,1,1,4,0,NA
"1198",121,1,NA,1,1,3,0,NA
"1199",121,1,NA,1,1,3,0,NA
"1200",121,1,NA,1,1,3,0,NA
"1201",122,1,NA,1,1,1,1,NA
"1202",122,1,NA,1,1,6,1,NA
"1203",122,1,NA,1,1,1,1,NA
"1204",122,1,NA,1,1,6,1,NA
"1205",122,1,NA,1,1,1,1,NA
"1206",122,1,NA,1,1,6,1,NA
"1207",122,1,NA,1,1,6,1,NA
"1208",122,1,NA,1,1,6,1,NA
"1209",122,1,NA,1,1,2,1,NA
"1210",122,1,NA,1,1,6,1,NA
"1211",122,1,NA,1,1,6,1,NA
"1212",122,1,NA,1,1,6,1,NA
"1213",122,1,NA,1,1,1,0,NA
"1214",122,1,NA,1,1,1,0,NA
"1215",122,1,NA,1,1,2,0,NA
"1216",122,1,NA,1,1,5,0,NA
"1217",122,1,NA,1,1,6,0,NA
"1218",122,1,NA,1,1,6,0,NA
"1219",122,1,NA,1,1,6,0,NA
"1220",122,1,NA,1,1,6,0,NA
"1221",122,1,NA,1,1,6,0,NA
"1222",122,1,NA,1,1,5,0,NA
"1223",122,1,NA,1,1,1,0,NA
"1224",122,1,NA,1,1,3,0,NA
"1225",123,1,NA,1,1,2,1,NA
"1226",123,1,NA,1,1,4,1,NA
"1227",123,1,NA,1,1,5,1,NA
"1228",123,1,NA,1,1,5,1,NA
"1229",123,1,NA,1,1,1,1,NA
"1230",123,1,NA,1,1,4,1,NA
"1231",123,1,NA,1,1,2,1,NA
"1232",123,1,NA,1,1,3,1,NA
"1233",123,1,NA,1,1,4,1,NA
"1234",123,1,NA,1,1,5,1,NA
"1235",123,1,NA,1,1,6,1,NA
"1236",123,1,NA,1,1,4,1,NA
"1237",123,1,NA,1,1,4,0,NA
"1238",123,1,NA,1,1,3,0,NA
"1239",123,1,NA,1,1,5,0,NA
"1240",123,1,NA,1,1,5,0,NA
"1241",123,1,NA,1,1,5,0,NA
"1242",123,1,NA,1,1,5,0,NA
"1243",123,1,NA,1,1,3,0,NA
"1244",123,1,NA,1,1,1,0,NA
"1245",123,1,NA,1,1,5,0,NA
"1246",123,1,NA,1,1,1,0,NA
"1247",123,1,NA,1,1,4,0,NA
"1248",123,1,NA,1,1,5,0,NA
"1249",124,1,NA,1,1,6,1,NA
"1250",124,1,NA,1,1,4,1,NA
"1251",124,1,NA,1,1,6,1,NA
"1252",124,1,NA,1,1,6,1,NA
"1253",124,1,NA,1,1,6,1,NA
"1254",124,1,NA,1,1,2,1,NA
"1255",124,1,NA,1,1,6,1,NA
"1256",124,1,NA,1,1,5,1,NA
"1257",124,1,NA,1,1,5,1,NA
"1258",124,1,NA,1,1,6,1,NA
"1259",124,1,NA,1,1,4,1,NA
"1260",124,1,NA,1,1,6,1,NA
"1261",124,1,NA,1,1,3,0,NA
"1262",124,1,NA,1,1,3,0,NA
"1263",124,1,NA,1,1,4,0,NA
"1264",124,1,NA,1,1,3,0,NA
"1265",124,1,NA,1,1,3,0,NA
"1266",124,1,NA,1,1,4,0,NA
"1267",124,1,NA,1,1,3,0,NA
"1268",124,1,NA,1,1,5,0,NA
"1269",124,1,NA,1,1,4,0,NA
"1270",124,1,NA,1,1,4,0,NA
"1271",124,1,NA,1,1,4,0,NA
"1272",124,1,NA,1,1,4,0,NA
"1273",125,1,NA,1,1,3,1,NA
"1274",125,1,NA,1,1,3,1,NA
"1275",125,1,NA,1,1,3,1,NA
"1276",125,1,NA,1,1,3,1,NA
"1277",125,1,NA,1,1,3,1,NA
"1278",125,1,NA,1,1,3,1,NA
"1279",125,1,NA,1,1,3,1,NA
"1280",125,1,NA,1,1,3,1,NA
"1281",125,1,NA,1,1,3,1,NA
"1282",125,1,NA,1,1,3,1,NA
"1283",125,1,NA,1,1,3,1,NA
"1284",125,1,NA,1,1,3,1,NA
"1285",125,1,NA,1,1,3,0,NA
"1286",125,1,NA,1,1,3,0,NA
"1287",125,1,NA,1,1,3,0,NA
"1288",125,1,NA,1,1,4,0,NA
"1289",125,1,NA,1,1,3,0,NA
"1290",125,1,NA,1,1,3,0,NA
"1291",125,1,NA,1,1,3,0,NA
"1292",125,1,NA,1,1,3,0,NA
"1293",125,1,NA,1,1,3,0,NA
"1294",125,1,NA,1,1,3,0,NA
"1295",125,1,NA,1,1,3,0,NA
"1296",125,1,NA,1,1,3,0,NA
"1297",126,1,NA,1,1,6,1,NA
"1298",126,1,NA,1,1,4,1,NA
"1299",126,1,NA,1,1,4,1,NA
"1300",126,1,NA,1,1,2,1,NA
"1301",126,1,NA,1,1,5,1,NA
"1302",126,1,NA,1,1,5,1,NA
"1303",126,1,NA,1,1,4,1,NA
"1304",126,1,NA,1,1,4,1,NA
"1305",126,1,NA,1,1,6,1,NA
"1306",126,1,NA,1,1,3,1,NA
"1307",126,1,NA,1,1,4,1,NA
"1308",126,1,NA,1,1,4,1,NA
"1309",126,1,NA,1,1,4,0,NA
"1310",126,1,NA,1,1,5,0,NA
"1311",126,1,NA,1,1,4,0,NA
"1312",126,1,NA,1,1,3,0,NA
"1313",126,1,NA,1,1,4,0,NA
"1314",126,1,NA,1,1,1,0,NA
"1315",126,1,NA,1,1,5,0,NA
"1316",126,1,NA,1,1,5,0,NA
"1317",126,1,NA,1,1,4,0,NA
"1318",126,1,NA,1,1,3,0,NA
"1319",126,1,NA,1,1,3,0,NA
"1320",126,1,NA,1,1,5,0,NA
"1321",127,1,NA,1,1,6,1,NA
"1322",127,1,NA,1,1,6,1,NA
"1323",127,1,NA,1,1,6,1,NA
"1324",127,1,NA,1,1,6,1,NA
"1325",127,1,NA,1,1,6,1,NA
"1326",127,1,NA,1,1,6,1,NA
"1327",127,1,NA,1,1,6,1,NA
"1328",127,1,NA,1,1,6,1,NA
"1329",127,1,NA,1,1,6,1,NA
"1330",127,1,NA,1,1,6,1,NA
"1331",127,1,NA,1,1,4,1,NA
"1332",127,1,NA,1,1,6,1,NA
"1333",127,1,NA,1,1,6,0,NA
"1334",127,1,NA,1,1,6,0,NA
"1335",127,1,NA,1,1,6,0,NA
"1336",127,1,NA,1,1,6,0,NA
"1337",127,1,NA,1,1,6,0,NA
"1338",127,1,NA,1,1,6,0,NA
"1339",127,1,NA,1,1,6,0,NA
"1340",127,1,NA,1,1,4,0,NA
"1341",127,1,NA,1,1,6,0,NA
"1342",127,1,NA,1,1,6,0,NA
"1343",127,1,NA,1,1,6,0,NA
"1344",127,1,NA,1,1,4,0,NA
"1345",128,1,NA,1,1,6,1,NA
"1346",128,1,NA,1,1,5,1,NA
"1347",128,1,NA,1,1,6,1,NA
"1348",128,1,NA,1,1,5,1,NA
"1349",128,1,NA,1,1,3,1,NA
"1350",128,1,NA,1,1,3,1,NA
"1351",128,1,NA,1,1,5,1,NA
"1352",128,1,NA,1,1,6,1,NA
"1353",128,1,NA,1,1,6,1,NA
"1354",128,1,NA,1,1,6,1,NA
"1355",128,1,NA,1,1,6,1,NA
"1356",128,1,NA,1,1,4,1,NA
"1357",128,1,NA,1,1,4,0,NA
"1358",128,1,NA,1,1,3,0,NA
"1359",128,1,NA,1,1,4,0,NA
"1360",128,1,NA,1,1,6,0,NA
"1361",128,1,NA,1,1,5,0,NA
"1362",128,1,NA,1,1,3,0,NA
"1363",128,1,NA,1,1,6,0,NA
"1364",128,1,NA,1,1,2,0,NA
"1365",128,1,NA,1,1,4,0,NA
"1366",128,1,NA,1,1,5,0,NA
"1367",128,1,NA,1,1,5,0,NA
"1368",128,1,NA,1,1,4,0,NA
"1369",129,1,NA,1,1,6,1,NA
"1370",129,1,NA,1,1,5,1,NA
"1371",129,1,NA,1,1,6,1,NA
"1372",129,1,NA,1,1,5,1,NA
"1373",129,1,NA,1,1,3,1,NA
"1374",129,1,NA,1,1,6,1,NA
"1375",129,1,NA,1,1,2,1,NA
"1376",129,1,NA,1,1,6,1,NA
"1377",129,1,NA,1,1,2,1,NA
"1378",129,1,NA,1,1,6,1,NA
"1379",129,1,NA,1,1,4,1,NA
"1380",129,1,NA,1,1,6,1,NA
"1381",129,1,NA,1,1,6,0,NA
"1382",129,1,NA,1,1,5,0,NA
"1383",129,1,NA,1,1,3,0,NA
"1384",129,1,NA,1,1,4,0,NA
"1385",129,1,NA,1,1,6,0,NA
"1386",129,1,NA,1,1,2,0,NA
"1387",129,1,NA,1,1,4,0,NA
"1388",129,1,NA,1,1,3,0,NA
"1389",129,1,NA,1,1,4,0,NA
"1390",129,1,NA,1,1,4,0,NA
"1391",129,1,NA,1,1,3,0,NA
"1392",129,1,NA,1,1,5,0,NA
"1393",130,1,NA,1,1,4,1,NA
"1394",130,1,NA,1,1,4,1,NA
"1395",130,1,NA,1,1,4,1,NA
"1396",130,1,NA,1,1,4,1,NA
"1397",130,1,NA,1,1,4,1,NA
"1398",130,1,NA,1,1,5,1,NA
"1399",130,1,NA,1,1,4,1,NA
"1400",130,1,NA,1,1,4,1,NA
"1401",130,1,NA,1,1,4,1,NA
"1402",130,1,NA,1,1,4,1,NA
"1403",130,1,NA,1,1,4,1,NA
"1404",130,1,NA,1,1,4,1,NA
"1405",130,1,NA,1,1,5,0,NA
"1406",130,1,NA,1,1,2,0,NA
"1407",130,1,NA,1,1,5,0,NA
"1408",130,1,NA,1,1,4,0,NA
"1409",130,1,NA,1,1,3,0,NA
"1410",130,1,NA,1,1,5,0,NA
"1411",130,1,NA,1,1,4,0,NA
"1412",130,1,NA,1,1,4,0,NA
"1413",130,1,NA,1,1,3,0,NA
"1414",130,1,NA,1,1,5,0,NA
"1415",130,1,NA,1,1,2,0,NA
"1416",130,1,NA,1,1,5,0,NA
"1417",132,1,NA,1,1,5,1,NA
"1418",132,1,NA,1,1,3,1,NA
"1419",132,1,NA,1,1,6,1,NA
"1420",132,1,NA,1,1,3,1,NA
"1421",132,1,NA,1,1,1,1,NA
"1422",132,1,NA,1,1,1,1,NA
"1423",132,1,NA,1,1,6,1,NA
"1424",132,1,NA,1,1,6,1,NA
"1425",132,1,NA,1,1,6,1,NA
"1426",132,1,NA,1,1,3,1,NA
"1427",132,1,NA,1,1,3,1,NA
"1428",132,1,NA,1,1,3,1,NA
"1429",132,1,NA,1,1,3,0,NA
"1430",132,1,NA,1,1,3,0,NA
"1431",132,1,NA,1,1,4,0,NA
"1432",132,1,NA,1,1,1,0,NA
"1433",132,1,NA,1,1,1,0,NA
"1434",132,1,NA,1,1,3,0,NA
"1435",132,1,NA,1,1,5,0,NA
"1436",132,1,NA,1,1,4,0,NA
"1437",132,1,NA,1,1,5,0,NA
"1438",132,1,NA,1,1,3,0,NA
"1439",132,1,NA,1,1,3,0,NA
"1440",132,1,NA,1,1,3,0,NA
"1441",133,1,NA,1,1,4,1,NA
"1442",133,1,NA,1,1,5,1,NA
"1443",133,1,NA,1,1,5,1,NA
"1444",133,1,NA,1,1,6,1,NA
"1445",133,1,NA,1,1,4,1,NA
"1446",133,1,NA,1,1,6,1,NA
"1447",133,1,NA,1,1,6,1,NA
"1448",133,1,NA,1,1,6,1,NA
"1449",133,1,NA,1,1,6,1,NA
"1450",133,1,NA,1,1,5,1,NA
"1451",133,1,NA,1,1,5,1,NA
"1452",133,1,NA,1,1,6,1,NA
"1453",133,1,NA,1,1,4,0,NA
"1454",133,1,NA,1,1,4,0,NA
"1455",133,1,NA,1,1,3,0,NA
"1456",133,1,NA,1,1,5,0,NA
"1457",133,1,NA,1,1,3,0,NA
"1458",133,1,NA,1,1,4,0,NA
"1459",133,1,NA,1,1,4,0,NA
"1460",133,1,NA,1,1,3,0,NA
"1461",133,1,NA,1,1,4,0,NA
"1462",133,1,NA,1,1,4,0,NA
"1463",133,1,NA,1,1,4,0,NA
"1464",133,1,NA,1,1,5,0,NA
"1465",134,1,NA,1,1,6,1,NA
"1466",134,1,NA,1,1,6,1,NA
"1467",134,1,NA,1,1,4,1,NA
"1468",134,1,NA,1,1,6,1,NA
"1469",134,1,NA,1,1,5,1,NA
"1470",134,1,NA,1,1,6,1,NA
"1471",134,1,NA,1,1,3,1,NA
"1472",134,1,NA,1,1,6,1,NA
"1473",134,1,NA,1,1,4,1,NA
"1474",134,1,NA,1,1,5,1,NA
"1475",134,1,NA,1,1,6,1,NA
"1476",134,1,NA,1,1,6,1,NA
"1477",134,1,NA,1,1,5,0,NA
"1478",134,1,NA,1,1,3,0,NA
"1479",134,1,NA,1,1,4,0,NA
"1480",134,1,NA,1,1,2,0,NA
"1481",134,1,NA,1,1,6,0,NA
"1482",134,1,NA,1,1,1,0,NA
"1483",134,1,NA,1,1,4,0,NA
"1484",134,1,NA,1,1,4,0,NA
"1485",134,1,NA,1,1,4,0,NA
"1486",134,1,NA,1,1,2,0,NA
"1487",134,1,NA,1,1,4,0,NA
"1488",134,1,NA,1,1,5,0,NA
"1489",135,1,NA,1,1,4,1,NA
"1490",135,1,NA,1,1,6,1,NA
"1491",135,1,NA,1,1,5,1,NA
"1492",135,1,NA,1,1,6,1,NA
"1493",135,1,NA,1,1,5,1,NA
"1494",135,1,NA,1,1,1,1,NA
"1495",135,1,NA,1,1,1,1,NA
"1496",135,1,NA,1,1,6,1,NA
"1497",135,1,NA,1,1,6,1,NA
"1498",135,1,NA,1,1,4,1,NA
"1499",135,1,NA,1,1,6,1,NA
"1500",135,1,NA,1,1,3,1,NA
"1501",135,1,NA,1,1,1,0,NA
"1502",135,1,NA,1,1,3,0,NA
"1503",135,1,NA,1,1,3,0,NA
"1504",135,1,NA,1,1,4,0,NA
"1505",135,1,NA,1,1,3,0,NA
"1506",135,1,NA,1,1,4,0,NA
"1507",135,1,NA,1,1,4,0,NA
"1508",135,1,NA,1,1,3,0,NA
"1509",135,1,NA,1,1,3,0,NA
"1510",135,1,NA,1,1,3,0,NA
"1511",135,1,NA,1,1,3,0,NA
"1512",135,1,NA,1,1,4,0,NA
"1513",136,1,NA,1,1,5,1,NA
"1514",136,1,NA,1,1,3,1,NA
"1515",136,1,NA,1,1,4,1,NA
"1516",136,1,NA,1,1,4,1,NA
"1517",136,1,NA,1,1,5,1,NA
"1518",136,1,NA,1,1,4,1,NA
"1519",136,1,NA,1,1,6,1,NA
"1520",136,1,NA,1,1,2,1,NA
"1521",136,1,NA,1,1,6,1,NA
"1522",136,1,NA,1,1,4,1,NA
"1523",136,1,NA,1,1,4,1,NA
"1524",136,1,NA,1,1,3,1,NA
"1525",136,1,NA,1,1,4,0,NA
"1526",136,1,NA,1,1,4,0,NA
"1527",136,1,NA,1,1,4,0,NA
"1528",136,1,NA,1,1,4,0,NA
"1529",136,1,NA,1,1,4,0,NA
"1530",136,1,NA,1,1,5,0,NA
"1531",136,1,NA,1,1,4,0,NA
"1532",136,1,NA,1,1,4,0,NA
"1533",136,1,NA,1,1,6,0,NA
"1534",136,1,NA,1,1,5,0,NA
"1535",136,1,NA,1,1,3,0,NA
"1536",136,1,NA,1,1,4,0,NA
"1537",137,1,NA,1,1,6,1,NA
"1538",137,1,NA,1,1,4,1,NA
"1539",137,1,NA,1,1,5,1,NA
"1540",137,1,NA,1,1,5,1,NA
"1541",137,1,NA,1,1,5,1,NA
"1542",137,1,NA,1,1,6,1,NA
"1543",137,1,NA,1,1,6,1,NA
"1544",137,1,NA,1,1,6,1,NA
"1545",137,1,NA,1,1,6,1,NA
"1546",137,1,NA,1,1,6,1,NA
"1547",137,1,NA,1,1,2,1,NA
"1548",137,1,NA,1,1,5,1,NA
"1549",137,1,NA,1,1,4,0,NA
"1550",137,1,NA,1,1,5,0,NA
"1551",137,1,NA,1,1,4,0,NA
"1552",137,1,NA,1,1,5,0,NA
"1553",137,1,NA,1,1,5,0,NA
"1554",137,1,NA,1,1,6,0,NA
"1555",137,1,NA,1,1,5,0,NA
"1556",137,1,NA,1,1,5,0,NA
"1557",137,1,NA,1,1,1,0,NA
"1558",137,1,NA,1,1,1,0,NA
"1559",137,1,NA,1,1,6,0,NA
"1560",137,1,NA,1,1,2,0,NA
"1561",138,1,NA,1,1,4,1,NA
"1562",138,1,NA,1,1,5,1,NA
"1563",138,1,NA,1,1,6,1,NA
"1564",138,1,NA,1,1,1,1,NA
"1565",138,1,NA,1,1,4,1,NA
"1566",138,1,NA,1,1,6,1,NA
"1567",138,1,NA,1,1,6,1,NA
"1568",138,1,NA,1,1,5,1,NA
"1569",138,1,NA,1,1,5,1,NA
"1570",138,1,NA,1,1,6,1,NA
"1571",138,1,NA,1,1,4,1,NA
"1572",138,1,NA,1,1,6,1,NA
"1573",138,1,NA,1,1,6,0,NA
"1574",138,1,NA,1,1,1,0,NA
"1575",138,1,NA,1,1,3,0,NA
"1576",138,1,NA,1,1,2,0,NA
"1577",138,1,NA,1,1,2,0,NA
"1578",138,1,NA,1,1,5,0,NA
"1579",138,1,NA,1,1,2,0,NA
"1580",138,1,NA,1,1,2,0,NA
"1581",138,1,NA,1,1,4,0,NA
"1582",138,1,NA,1,1,1,0,NA
"1583",138,1,NA,1,1,5,0,NA
"1584",138,1,NA,1,1,1,0,NA
"1585",139,1,NA,1,1,4,1,NA
"1586",139,1,NA,1,1,5,1,NA
"1587",139,1,NA,1,1,3,1,NA
"1588",139,1,NA,1,1,4,1,NA
"1589",139,1,NA,1,1,3,1,NA
"1590",139,1,NA,1,1,2,1,NA
"1591",139,1,NA,1,1,5,1,NA
"1592",139,1,NA,1,1,4,1,NA
"1593",139,1,NA,1,1,4,1,NA
"1594",139,1,NA,1,1,4,1,NA
"1595",139,1,NA,1,1,4,1,NA
"1596",139,1,NA,1,1,3,1,NA
"1597",139,1,NA,1,1,5,0,NA
"1598",139,1,NA,1,1,3,0,NA
"1599",139,1,NA,1,1,4,0,NA
"1600",139,1,NA,1,1,3,0,NA
"1601",139,1,NA,1,1,5,0,NA
"1602",139,1,NA,1,1,4,0,NA
"1603",139,1,NA,1,1,4,0,NA
"1604",139,1,NA,1,1,3,0,NA
"1605",139,1,NA,1,1,4,0,NA
"1606",139,1,NA,1,1,4,0,NA
"1607",139,1,NA,1,1,4,0,NA
"1608",139,1,NA,1,1,2,0,NA
"1609",140,1,NA,1,1,5,1,NA
"1610",140,1,NA,1,1,6,1,NA
"1611",140,1,NA,1,1,3,1,NA
"1612",140,1,NA,1,1,5,1,NA
"1613",140,1,NA,1,1,5,1,NA
"1614",140,1,NA,1,1,6,1,NA
"1615",140,1,NA,1,1,6,1,NA
"1616",140,1,NA,1,1,5,1,NA
"1617",140,1,NA,1,1,4,1,NA
"1618",140,1,NA,1,1,4,1,NA
"1619",140,1,NA,1,1,4,1,NA
"1620",140,1,NA,1,1,5,1,NA
"1621",140,1,NA,1,1,5,0,NA
"1622",140,1,NA,1,1,4,0,NA
"1623",140,1,NA,1,1,5,0,NA
"1624",140,1,NA,1,1,1,0,NA
"1625",140,1,NA,1,1,1,0,NA
"1626",140,1,NA,1,1,6,0,NA
"1627",140,1,NA,1,1,3,0,NA
"1628",140,1,NA,1,1,5,0,NA
"1629",140,1,NA,1,1,5,0,NA
"1630",140,1,NA,1,1,5,0,NA
"1631",140,1,NA,1,1,5,0,NA
"1632",140,1,NA,1,1,6,0,NA
"1633",141,1,NA,1,1,5,1,NA
"1634",141,1,NA,1,1,4,1,NA
"1635",141,1,NA,1,1,6,1,NA
"1636",141,1,NA,1,1,5,1,NA
"1637",141,1,NA,1,1,4,1,NA
"1638",141,1,NA,1,1,5,1,NA
"1639",141,1,NA,1,1,6,1,NA
"1640",141,1,NA,1,1,6,1,NA
"1641",141,1,NA,1,1,5,1,NA
"1642",141,1,NA,1,1,5,1,NA
"1643",141,1,NA,1,1,6,1,NA
"1644",141,1,NA,1,1,6,1,NA
"1645",141,1,NA,1,1,3,0,NA
"1646",141,1,NA,1,1,4,0,NA
"1647",141,1,NA,1,1,5,0,NA
"1648",141,1,NA,1,1,4,0,NA
"1649",141,1,NA,1,1,4,0,NA
"1650",141,1,NA,1,1,6,0,NA
"1651",141,1,NA,1,1,3,0,NA
"1652",141,1,NA,1,1,5,0,NA
"1653",141,1,NA,1,1,5,0,NA
"1654",141,1,NA,1,1,4,0,NA
"1655",141,1,NA,1,1,4,0,NA
"1656",141,1,NA,1,1,4,0,NA
"1657",142,1,NA,1,1,3,1,NA
"1658",142,1,NA,1,1,1,1,NA
"1659",142,1,NA,1,1,4,1,NA
"1660",142,1,NA,1,1,3,1,NA
"1661",142,1,NA,1,1,4,1,NA
"1662",142,1,NA,1,1,5,1,NA
"1663",142,1,NA,1,1,5,1,NA
"1664",142,1,NA,1,1,2,1,NA
"1665",142,1,NA,1,1,6,1,NA
"1666",142,1,NA,1,1,4,1,NA
"1667",142,1,NA,1,1,4,1,NA
"1668",142,1,NA,1,1,3,1,NA
"1669",142,1,NA,1,1,4,0,NA
"1670",142,1,NA,1,1,3,0,NA
"1671",142,1,NA,1,1,6,0,NA
"1672",142,1,NA,1,1,3,0,NA
"1673",142,1,NA,1,1,5,0,NA
"1674",142,1,NA,1,1,5,0,NA
"1675",142,1,NA,1,1,6,0,NA
"1676",142,1,NA,1,1,5,0,NA
"1677",142,1,NA,1,1,4,0,NA
"1678",142,1,NA,1,1,4,0,NA
"1679",142,1,NA,1,1,4,0,NA
"1680",142,1,NA,1,1,4,0,NA
"1681",143,1,NA,1,1,4,1,NA
"1682",143,1,NA,1,1,5,1,NA
"1683",143,1,NA,1,1,3,1,NA
"1684",143,1,NA,1,1,4,1,NA
"1685",143,1,NA,1,1,6,1,NA
"1686",143,1,NA,1,1,5,1,NA
"1687",143,1,NA,1,1,5,1,NA
"1688",143,1,NA,1,1,6,1,NA
"1689",143,1,NA,1,1,6,1,NA
"1690",143,1,NA,1,1,6,1,NA
"1691",143,1,NA,1,1,5,1,NA
"1692",143,1,NA,1,1,5,1,NA
"1693",143,1,NA,1,1,3,0,NA
"1694",143,1,NA,1,1,3,0,NA
"1695",143,1,NA,1,1,4,0,NA
"1696",143,1,NA,1,1,5,0,NA
"1697",143,1,NA,1,1,3,0,NA
"1698",143,1,NA,1,1,4,0,NA
"1699",143,1,NA,1,1,4,0,NA
"1700",143,1,NA,1,1,4,0,NA
"1701",143,1,NA,1,1,3,0,NA
"1702",143,1,NA,1,1,2,0,NA
"1703",143,1,NA,1,1,5,0,NA
"1704",143,1,NA,1,1,3,0,NA
"1705",144,1,NA,1,1,1,1,NA
"1706",144,1,NA,1,1,6,1,NA
"1707",144,1,NA,1,1,6,1,NA
"1708",144,1,NA,1,1,6,1,NA
"1709",144,1,NA,1,1,3,1,NA
"1710",144,1,NA,1,1,1,1,NA
"1711",144,1,NA,1,1,4,1,NA
"1712",144,1,NA,1,1,4,1,NA
"1713",144,1,NA,1,1,6,1,NA
"1714",144,1,NA,1,1,6,1,NA
"1715",144,1,NA,1,1,4,1,NA
"1716",144,1,NA,1,1,6,1,NA
"1717",144,1,NA,1,1,5,0,NA
"1718",144,1,NA,1,1,3,0,NA
"1719",144,1,NA,1,1,4,0,NA
"1720",144,1,NA,1,1,4,0,NA
"1721",144,1,NA,1,1,4,0,NA
"1722",144,1,NA,1,1,3,0,NA
"1723",144,1,NA,1,1,5,0,NA
"1724",144,1,NA,1,1,3,0,NA
"1725",144,1,NA,1,1,6,0,NA
"1726",144,1,NA,1,1,6,0,NA
"1727",144,1,NA,1,1,3,0,NA
"1728",144,1,NA,1,1,6,0,NA
"1729",145,1,NA,1,1,6,1,NA
"1730",145,1,NA,1,1,5,1,NA
"1731",145,1,NA,1,1,6,1,NA
"1732",145,1,NA,1,1,6,1,NA
"1733",145,1,NA,1,1,5,1,NA
"1734",145,1,NA,1,1,6,1,NA
"1735",145,1,NA,1,1,5,1,NA
"1736",145,1,NA,1,1,5,1,NA
"1737",145,1,NA,1,1,6,1,NA
"1738",145,1,NA,1,1,5,1,NA
"1739",145,1,NA,1,1,6,1,NA
"1740",145,1,NA,1,1,6,1,NA
"1741",145,1,NA,1,1,3,0,NA
"1742",145,1,NA,1,1,4,0,NA
"1743",145,1,NA,1,1,3,0,NA
"1744",145,1,NA,1,1,2,0,NA
"1745",145,1,NA,1,1,4,0,NA
"1746",145,1,NA,1,1,3,0,NA
"1747",145,1,NA,1,1,3,0,NA
"1748",145,1,NA,1,1,4,0,NA
"1749",145,1,NA,1,1,6,0,NA
"1750",145,1,NA,1,1,3,0,NA
"1751",145,1,NA,1,1,5,0,NA
"1752",145,1,NA,1,1,3,0,NA
"1753",146,1,NA,1,1,6,1,NA
"1754",146,1,NA,1,1,5,1,NA
"1755",146,1,NA,1,1,6,1,NA
"1756",146,1,NA,1,1,6,1,NA
"1757",146,1,NA,1,1,6,1,NA
"1758",146,1,NA,1,1,3,1,NA
"1759",146,1,NA,1,1,6,1,NA
"1760",146,1,NA,1,1,6,1,NA
"1761",146,1,NA,1,1,4,1,NA
"1762",146,1,NA,1,1,6,1,NA
"1763",146,1,NA,1,1,6,1,NA
"1764",146,1,NA,1,1,6,1,NA
"1765",146,1,NA,1,1,4,0,NA
"1766",146,1,NA,1,1,5,0,NA
"1767",146,1,NA,1,1,4,0,NA
"1768",146,1,NA,1,1,2,0,NA
"1769",146,1,NA,1,1,5,0,NA
"1770",146,1,NA,1,1,4,0,NA
"1771",146,1,NA,1,1,3,0,NA
"1772",146,1,NA,1,1,4,0,NA
"1773",146,1,NA,1,1,2,0,NA
"1774",146,1,NA,1,1,3,0,NA
"1775",146,1,NA,1,1,4,0,NA
"1776",146,1,NA,1,1,3,0,NA
"1777",148,1,NA,1,1,6,1,NA
"1778",148,1,NA,1,1,3,1,NA
"1779",148,1,NA,1,1,6,1,NA
"1780",148,1,NA,1,1,6,1,NA
"1781",148,1,NA,1,1,6,1,NA
"1782",148,1,NA,1,1,6,1,NA
"1783",148,1,NA,1,1,6,1,NA
"1784",148,1,NA,1,1,6,1,NA
"1785",148,1,NA,1,1,4,1,NA
"1786",148,1,NA,1,1,6,1,NA
"1787",148,1,NA,1,1,6,1,NA
"1788",148,1,NA,1,1,6,1,NA
"1789",148,1,NA,1,1,3,0,NA
"1790",148,1,NA,1,1,4,0,NA
"1791",148,1,NA,1,1,4,0,NA
"1792",148,1,NA,1,1,4,0,NA
"1793",148,1,NA,1,1,3,0,NA
"1794",148,1,NA,1,1,5,0,NA
"1795",148,1,NA,1,1,1,0,NA
"1796",148,1,NA,1,1,4,0,NA
"1797",148,1,NA,1,1,3,0,NA
"1798",148,1,NA,1,1,5,0,NA
"1799",148,1,NA,1,1,4,0,NA
"1800",148,1,NA,1,1,3,0,NA
"1801",150,1,NA,1,1,3,1,NA
"1802",150,1,NA,1,1,5,1,NA
"1803",150,1,NA,1,1,4,1,NA
"1804",150,1,NA,1,1,2,1,NA
"1805",150,1,NA,1,1,5,1,NA
"1806",150,1,NA,1,1,4,1,NA
"1807",150,1,NA,1,1,4,1,NA
"1808",150,1,NA,1,1,5,1,NA
"1809",150,1,NA,1,1,4,1,NA
"1810",150,1,NA,1,1,5,1,NA
"1811",150,1,NA,1,1,5,1,NA
"1812",150,1,NA,1,1,4,1,NA
"1813",150,1,NA,1,1,4,0,NA
"1814",150,1,NA,1,1,3,0,NA
"1815",150,1,NA,1,1,2,0,NA
"1816",150,1,NA,1,1,5,0,NA
"1817",150,1,NA,1,1,4,0,NA
"1818",150,1,NA,1,1,4,0,NA
"1819",150,1,NA,1,1,4,0,NA
"1820",150,1,NA,1,1,5,0,NA
"1821",150,1,NA,1,1,4,0,NA
"1822",150,1,NA,1,1,3,0,NA
"1823",150,1,NA,1,1,4,0,NA
"1824",150,1,NA,1,1,4,0,NA
"1825",151,1,NA,1,1,2,1,NA
"1826",151,1,NA,1,1,4,1,NA
"1827",151,1,NA,1,1,5,1,NA
"1828",151,1,NA,1,1,6,1,NA
"1829",151,1,NA,1,1,4,1,NA
"1830",151,1,NA,1,1,5,1,NA
"1831",151,1,NA,1,1,5,1,NA
"1832",151,1,NA,1,1,4,1,NA
"1833",151,1,NA,1,1,4,1,NA
"1834",151,1,NA,1,1,5,1,NA
"1835",151,1,NA,1,1,4,1,NA
"1836",151,1,NA,1,1,4,1,NA
"1837",151,1,NA,1,1,5,0,NA
"1838",151,1,NA,1,1,4,0,NA
"1839",151,1,NA,1,1,4,0,NA
"1840",151,1,NA,1,1,3,0,NA
"1841",151,1,NA,1,1,4,0,NA
"1842",151,1,NA,1,1,3,0,NA
"1843",151,1,NA,1,1,3,0,NA
"1844",151,1,NA,1,1,5,0,NA
"1845",151,1,NA,1,1,3,0,NA
"1846",151,1,NA,1,1,5,0,NA
"1847",151,1,NA,1,1,3,0,NA
"1848",151,1,NA,1,1,2,0,NA
"1849",152,1,NA,1,1,5,1,NA
"1850",152,1,NA,1,1,6,1,NA
"1851",152,1,NA,1,1,5,1,NA
"1852",152,1,NA,1,1,4,1,NA
"1853",152,1,NA,1,1,6,1,NA
"1854",152,1,NA,1,1,5,1,NA
"1855",152,1,NA,1,1,4,1,NA
"1856",152,1,NA,1,1,4,1,NA
"1857",152,1,NA,1,1,4,1,NA
"1858",152,1,NA,1,1,4,1,NA
"1859",152,1,NA,1,1,5,1,NA
"1860",152,1,NA,1,1,4,1,NA
"1861",152,1,NA,1,1,2,0,NA
"1862",152,1,NA,1,1,5,0,NA
"1863",152,1,NA,1,1,4,0,NA
"1864",152,1,NA,1,1,4,0,NA
"1865",152,1,NA,1,1,4,0,NA
"1866",152,1,NA,1,1,5,0,NA
"1867",152,1,NA,1,1,4,0,NA
"1868",152,1,NA,1,1,6,0,NA
"1869",152,1,NA,1,1,5,0,NA
"1870",152,1,NA,1,1,1,0,NA
"1871",152,1,NA,1,1,4,0,NA
"1872",152,1,NA,1,1,5,0,NA
"1873",153,1,NA,1,1,5,1,NA
"1874",153,1,NA,1,1,6,1,NA
"1875",153,1,NA,1,1,6,1,NA
"1876",153,1,NA,1,1,5,1,NA
"1877",153,1,NA,1,1,6,1,NA
"1878",153,1,NA,1,1,5,1,NA
"1879",153,1,NA,1,1,6,1,NA
"1880",153,1,NA,1,1,5,1,NA
"1881",153,1,NA,1,1,6,1,NA
"1882",153,1,NA,1,1,6,1,NA
"1883",153,1,NA,1,1,6,1,NA
"1884",153,1,NA,1,1,6,1,NA
"1885",153,1,NA,1,1,3,0,NA
"1886",153,1,NA,1,1,5,0,NA
"1887",153,1,NA,1,1,3,0,NA
"1888",153,1,NA,1,1,5,0,NA
"1889",153,1,NA,1,1,4,0,NA
"1890",153,1,NA,1,1,4,0,NA
"1891",153,1,NA,1,1,4,0,NA
"1892",153,1,NA,1,1,4,0,NA
"1893",153,1,NA,1,1,3,0,NA
"1894",153,1,NA,1,1,4,0,NA
"1895",153,1,NA,1,1,4,0,NA
"1896",153,1,NA,1,1,3,0,NA
"1897",154,1,NA,1,1,4,1,NA
"1898",154,1,NA,1,1,3,1,NA
"1899",154,1,NA,1,1,4,1,NA
"1900",154,1,NA,1,1,3,1,NA
"1901",154,1,NA,1,1,1,1,NA
"1902",154,1,NA,1,1,1,1,NA
"1903",154,1,NA,1,1,5,1,NA
"1904",154,1,NA,1,1,6,1,NA
"1905",154,1,NA,1,1,3,1,NA
"1906",154,1,NA,1,1,5,1,NA
"1907",154,1,NA,1,1,4,1,NA
"1908",154,1,NA,1,1,3,1,NA
"1909",154,1,NA,1,1,4,0,NA
"1910",154,1,NA,1,1,5,0,NA
"1911",154,1,NA,1,1,4,0,NA
"1912",154,1,NA,1,1,2,0,NA
"1913",154,1,NA,1,1,1,0,NA
"1914",154,1,NA,1,1,3,0,NA
"1915",154,1,NA,1,1,4,0,NA
"1916",154,1,NA,1,1,5,0,NA
"1917",154,1,NA,1,1,2,0,NA
"1918",154,1,NA,1,1,3,0,NA
"1919",154,1,NA,1,1,5,0,NA
"1920",154,1,NA,1,1,4,0,NA
"1921",155,1,NA,1,1,6,1,NA
"1922",155,1,NA,1,1,5,1,NA
"1923",155,1,NA,1,1,6,1,NA
"1924",155,1,NA,1,1,6,1,NA
"1925",155,1,NA,1,1,6,1,NA
"1926",155,1,NA,1,1,3,1,NA
"1927",155,1,NA,1,1,3,1,NA
"1928",155,1,NA,1,1,6,1,NA
"1929",155,1,NA,1,1,4,1,NA
"1930",155,1,NA,1,1,1,1,NA
"1931",155,1,NA,1,1,1,1,NA
"1932",155,1,NA,1,1,2,1,NA
"1933",155,1,NA,1,1,1,0,NA
"1934",155,1,NA,1,1,1,0,NA
"1935",155,1,NA,1,1,3,0,NA
"1936",155,1,NA,1,1,2,0,NA
"1937",155,1,NA,1,1,3,0,NA
"1938",155,1,NA,1,1,3,0,NA
"1939",155,1,NA,1,1,3,0,NA
"1940",155,1,NA,1,1,5,0,NA
"1941",155,1,NA,1,1,6,0,NA
"1942",155,1,NA,1,1,1,0,NA
"1943",155,1,NA,1,1,3,0,NA
"1944",155,1,NA,1,1,1,0,NA
"1945",156,1,NA,1,1,1,1,NA
"1946",156,1,NA,1,1,4,1,NA
"1947",156,1,NA,1,1,4,1,NA
"1948",156,1,NA,1,1,4,1,NA
"1949",156,1,NA,1,1,6,1,NA
"1950",156,1,NA,1,1,5,1,NA
"1951",156,1,NA,1,1,6,1,NA
"1952",156,1,NA,1,1,5,1,NA
"1953",156,1,NA,1,1,4,1,NA
"1954",156,1,NA,1,1,4,1,NA
"1955",156,1,NA,1,1,4,1,NA
"1956",156,1,NA,1,1,6,1,NA
"1957",156,1,NA,1,1,4,0,NA
"1958",156,1,NA,1,1,4,0,NA
"1959",156,1,NA,1,1,5,0,NA
"1960",156,1,NA,1,1,4,0,NA
"1961",156,1,NA,1,1,3,0,NA
"1962",156,1,NA,1,1,5,0,NA
"1963",156,1,NA,1,1,4,0,NA
"1964",156,1,NA,1,1,4,0,NA
"1965",156,1,NA,1,1,4,0,NA
"1966",156,1,NA,1,1,4,0,NA
"1967",156,1,NA,1,1,4,0,NA
"1968",156,1,NA,1,1,4,0,NA
"1969",157,1,NA,1,1,3,1,NA
"1970",157,1,NA,1,1,3,1,NA
"1971",157,1,NA,1,1,4,1,NA
"1972",157,1,NA,1,1,4,1,NA
"1973",157,1,NA,1,1,4,1,NA
"1974",157,1,NA,1,1,3,1,NA
"1975",157,1,NA,1,1,3,1,NA
"1976",157,1,NA,1,1,3,1,NA
"1977",157,1,NA,1,1,5,1,NA
"1978",157,1,NA,1,1,3,1,NA
"1979",157,1,NA,1,1,3,1,NA
"1980",157,1,NA,1,1,4,1,NA
"1981",157,1,NA,1,1,3,0,NA
"1982",157,1,NA,1,1,3,0,NA
"1983",157,1,NA,1,1,4,0,NA
"1984",157,1,NA,1,1,4,0,NA
"1985",157,1,NA,1,1,3,0,NA
"1986",157,1,NA,1,1,5,0,NA
"1987",157,1,NA,1,1,3,0,NA
"1988",157,1,NA,1,1,3,0,NA
"1989",157,1,NA,1,1,4,0,NA
"1990",157,1,NA,1,1,4,0,NA
"1991",157,1,NA,1,1,3,0,NA
"1992",157,1,NA,1,1,3,0,NA
"1993",158,1,NA,1,1,6,1,NA
"1994",158,1,NA,1,1,5,1,NA
"1995",158,1,NA,1,1,2,1,NA
"1996",158,1,NA,1,1,5,1,NA
"1997",158,1,NA,1,1,6,1,NA
"1998",158,1,NA,1,1,5,1,NA
"1999",158,1,NA,1,1,4,1,NA
"2000",158,1,NA,1,1,5,1,NA
"2001",158,1,NA,1,1,5,1,NA
"2002",158,1,NA,1,1,6,1,NA
"2003",158,1,NA,1,1,4,1,NA
"2004",158,1,NA,1,1,6,1,NA
"2005",158,1,NA,1,1,5,0,NA
"2006",158,1,NA,1,1,4,0,NA
"2007",158,1,NA,1,1,6,0,NA
"2008",158,1,NA,1,1,5,0,NA
"2009",158,1,NA,1,1,2,0,NA
"2010",158,1,NA,1,1,5,0,NA
"2011",158,1,NA,1,1,4,0,NA
"2012",158,1,NA,1,1,5,0,NA
"2013",158,1,NA,1,1,5,0,NA
"2014",158,1,NA,1,1,5,0,NA
"2015",158,1,NA,1,1,3,0,NA
"2016",158,1,NA,1,1,3,0,NA
"2017",159,1,NA,1,1,5,1,NA
"2018",159,1,NA,1,1,4,1,NA
"2019",159,1,NA,1,1,4,1,NA
"2020",159,1,NA,1,1,2,1,NA
"2021",159,1,NA,1,1,5,1,NA
"2022",159,1,NA,1,1,3,1,NA
"2023",159,1,NA,1,1,3,1,NA
"2024",159,1,NA,1,1,2,1,NA
"2025",159,1,NA,1,1,5,1,NA
"2026",159,1,NA,1,1,4,1,NA
"2027",159,1,NA,1,1,5,1,NA
"2028",159,1,NA,1,1,4,1,NA
"2029",159,1,NA,1,1,3,0,NA
"2030",159,1,NA,1,1,4,0,NA
"2031",159,1,NA,1,1,4,0,NA
"2032",159,1,NA,1,1,4,0,NA
"2033",159,1,NA,1,1,4,0,NA
"2034",159,1,NA,1,1,2,0,NA
"2035",159,1,NA,1,1,3,0,NA
"2036",159,1,NA,1,1,3,0,NA
"2037",159,1,NA,1,1,3,0,NA
"2038",159,1,NA,1,1,2,0,NA
"2039",159,1,NA,1,1,4,0,NA
"2040",159,1,NA,1,1,3,0,NA
"2041",160,1,NA,1,1,1,1,NA
"2042",160,1,NA,1,1,6,1,NA
"2043",160,1,NA,1,1,2,1,NA
"2044",160,1,NA,1,1,1,1,NA
"2045",160,1,NA,1,1,1,1,NA
"2046",160,1,NA,1,1,3,1,NA
"2047",160,1,NA,1,1,5,1,NA
"2048",160,1,NA,1,1,5,1,NA
"2049",160,1,NA,1,1,4,1,NA
"2050",160,1,NA,1,1,1,1,NA
"2051",160,1,NA,1,1,1,1,NA
"2052",160,1,NA,1,1,1,1,NA
"2053",160,1,NA,1,1,6,0,NA
"2054",160,1,NA,1,1,3,0,NA
"2055",160,1,NA,1,1,6,0,NA
"2056",160,1,NA,1,1,2,0,NA
"2057",160,1,NA,1,1,1,0,NA
"2058",160,1,NA,1,1,1,0,NA
"2059",160,1,NA,1,1,2,0,NA
"2060",160,1,NA,1,1,1,0,NA
"2061",160,1,NA,1,1,3,0,NA
"2062",160,1,NA,1,1,1,0,NA
"2063",160,1,NA,1,1,3,0,NA
"2064",160,1,NA,1,1,1,0,NA
"2065",161,1,NA,1,1,4,1,NA
"2066",161,1,NA,1,1,4,1,NA
"2067",161,1,NA,1,1,4,1,NA
"2068",161,1,NA,1,1,4,1,NA
"2069",161,1,NA,1,1,4,1,NA
"2070",161,1,NA,1,1,4,1,NA
"2071",161,1,NA,1,1,4,1,NA
"2072",161,1,NA,1,1,4,1,NA
"2073",161,1,NA,1,1,4,1,NA
"2074",161,1,NA,1,1,3,1,NA
"2075",161,1,NA,1,1,4,1,NA
"2076",161,1,NA,1,1,3,1,NA
"2077",161,1,NA,1,1,4,0,NA
"2078",161,1,NA,1,1,3,0,NA
"2079",161,1,NA,1,1,4,0,NA
"2080",161,1,NA,1,1,4,0,NA
"2081",161,1,NA,1,1,4,0,NA
"2082",161,1,NA,1,1,4,0,NA
"2083",161,1,NA,1,1,4,0,NA
"2084",161,1,NA,1,1,4,0,NA
"2085",161,1,NA,1,1,4,0,NA
"2086",161,1,NA,1,1,4,0,NA
"2087",161,1,NA,1,1,4,0,NA
"2088",161,1,NA,1,1,4,0,NA
"2089",162,1,NA,1,1,5,1,NA
"2090",162,1,NA,1,1,6,1,NA
"2091",162,1,NA,1,1,6,1,NA
"2092",162,1,NA,1,1,4,1,NA
"2093",162,1,NA,1,1,5,1,NA
"2094",162,1,NA,1,1,6,1,NA
"2095",162,1,NA,1,1,6,1,NA
"2096",162,1,NA,1,1,6,1,NA
"2097",162,1,NA,1,1,3,1,NA
"2098",162,1,NA,1,1,6,1,NA
"2099",162,1,NA,1,1,3,1,NA
"2100",162,1,NA,1,1,3,1,NA
"2101",162,1,NA,1,1,5,0,NA
"2102",162,1,NA,1,1,5,0,NA
"2103",162,1,NA,1,1,5,0,NA
"2104",162,1,NA,1,1,5,0,NA
"2105",162,1,NA,1,1,4,0,NA
"2106",162,1,NA,1,1,1,0,NA
"2107",162,1,NA,1,1,6,0,NA
"2108",162,1,NA,1,1,5,0,NA
"2109",162,1,NA,1,1,6,0,NA
"2110",162,1,NA,1,1,4,0,NA
"2111",162,1,NA,1,1,6,0,NA
"2112",162,1,NA,1,1,2,0,NA
"2113",163,1,NA,1,1,4,1,NA
"2114",163,1,NA,1,1,1,1,NA
"2115",163,1,NA,1,1,4,1,NA
"2116",163,1,NA,1,1,5,1,NA
"2117",163,1,NA,1,1,4,1,NA
"2118",163,1,NA,1,1,5,1,NA
"2119",163,1,NA,1,1,4,1,NA
"2120",163,1,NA,1,1,4,1,NA
"2121",163,1,NA,1,1,4,1,NA
"2122",163,1,NA,1,1,4,1,NA
"2123",163,1,NA,1,1,4,1,NA
"2124",163,1,NA,1,1,4,1,NA
"2125",163,1,NA,1,1,4,0,NA
"2126",163,1,NA,1,1,4,0,NA
"2127",163,1,NA,1,1,4,0,NA
"2128",163,1,NA,1,1,4,0,NA
"2129",163,1,NA,1,1,4,0,NA
"2130",163,1,NA,1,1,4,0,NA
"2131",163,1,NA,1,1,3,0,NA
"2132",163,1,NA,1,1,3,0,NA
"2133",163,1,NA,1,1,3,0,NA
"2134",163,1,NA,1,1,4,0,NA
"2135",163,1,NA,1,1,4,0,NA
"2136",163,1,NA,1,1,3,0,NA
"2137",167,1,NA,1,1,4,1,NA
"2138",167,1,NA,1,1,6,1,NA
"2139",167,1,NA,1,1,6,1,NA
"2140",167,1,NA,1,1,4,1,NA
"2141",167,1,NA,1,1,5,1,NA
"2142",167,1,NA,1,1,4,1,NA
"2143",167,1,NA,1,1,6,1,NA
"2144",167,1,NA,1,1,6,1,NA
"2145",167,1,NA,1,1,6,1,NA
"2146",167,1,NA,1,1,6,1,NA
"2147",167,1,NA,1,1,1,1,NA
"2148",167,1,NA,1,1,3,1,NA
"2149",167,1,NA,1,1,4,0,NA
"2150",167,1,NA,1,1,5,0,NA
"2151",167,1,NA,1,1,4,0,NA
"2152",167,1,NA,1,1,4,0,NA
"2153",167,1,NA,1,1,3,0,NA
"2154",167,1,NA,1,1,5,0,NA
"2155",167,1,NA,1,1,4,0,NA
"2156",167,1,NA,1,1,4,0,NA
"2157",167,1,NA,1,1,5,0,NA
"2158",167,1,NA,1,1,5,0,NA
"2159",167,1,NA,1,1,3,0,NA
"2160",167,1,NA,1,1,5,0,NA
"2161",168,1,NA,1,1,6,1,NA
"2162",168,1,NA,1,1,6,1,NA
"2163",168,1,NA,1,1,5,1,NA
"2164",168,1,NA,1,1,5,1,NA
"2165",168,1,NA,1,1,6,1,NA
"2166",168,1,NA,1,1,5,1,NA
"2167",168,1,NA,1,1,6,1,NA
"2168",168,1,NA,1,1,5,1,NA
"2169",168,1,NA,1,1,5,1,NA
"2170",168,1,NA,1,1,5,1,NA
"2171",168,1,NA,1,1,6,1,NA
"2172",168,1,NA,1,1,5,1,NA
"2173",168,1,NA,1,1,2,0,NA
"2174",168,1,NA,1,1,5,0,NA
"2175",168,1,NA,1,1,2,0,NA
"2176",168,1,NA,1,1,4,0,NA
"2177",168,1,NA,1,1,3,0,NA
"2178",168,1,NA,1,1,4,0,NA
"2179",168,1,NA,1,1,2,0,NA
"2180",168,1,NA,1,1,2,0,NA
"2181",168,1,NA,1,1,5,0,NA
"2182",168,1,NA,1,1,3,0,NA
"2183",168,1,NA,1,1,4,0,NA
"2184",168,1,NA,1,1,3,0,NA
"2185",169,1,NA,1,1,6,1,NA
"2186",169,1,NA,1,1,4,1,NA
"2187",169,1,NA,1,1,5,1,NA
"2188",169,1,NA,1,1,4,1,NA
"2189",169,1,NA,1,1,4,1,NA
"2190",169,1,NA,1,1,1,1,NA
"2191",169,1,NA,1,1,5,1,NA
"2192",169,1,NA,1,1,6,1,NA
"2193",169,1,NA,1,1,6,1,NA
"2194",169,1,NA,1,1,5,1,NA
"2195",169,1,NA,1,1,6,1,NA
"2196",169,1,NA,1,1,5,1,NA
"2197",169,1,NA,1,1,5,0,NA
"2198",169,1,NA,1,1,4,0,NA
"2199",169,1,NA,1,1,2,0,NA
"2200",169,1,NA,1,1,3,0,NA
"2201",169,1,NA,1,1,4,0,NA
"2202",169,1,NA,1,1,2,0,NA
"2203",169,1,NA,1,1,4,0,NA
"2204",169,1,NA,1,1,1,0,NA
"2205",169,1,NA,1,1,2,0,NA
"2206",169,1,NA,1,1,3,0,NA
"2207",169,1,NA,1,1,3,0,NA
"2208",169,1,NA,1,1,4,0,NA
"2209",170,1,NA,1,1,6,1,NA
"2210",170,1,NA,1,1,6,1,NA
"2211",170,1,NA,1,1,6,1,NA
"2212",170,1,NA,1,1,5,1,NA
"2213",170,1,NA,1,1,6,1,NA
"2214",170,1,NA,1,1,1,1,NA
"2215",170,1,NA,1,1,2,1,NA
"2216",170,1,NA,1,1,6,1,NA
"2217",170,1,NA,1,1,6,1,NA
"2218",170,1,NA,1,1,4,1,NA
"2219",170,1,NA,1,1,5,1,NA
"2220",170,1,NA,1,1,6,1,NA
"2221",170,1,NA,1,1,6,0,NA
"2222",170,1,NA,1,1,5,0,NA
"2223",170,1,NA,1,1,6,0,NA
"2224",170,1,NA,1,1,6,0,NA
"2225",170,1,NA,1,1,3,0,NA
"2226",170,1,NA,1,1,4,0,NA
"2227",170,1,NA,1,1,6,0,NA
"2228",170,1,NA,1,1,6,0,NA
"2229",170,1,NA,1,1,2,0,NA
"2230",170,1,NA,1,1,1,0,NA
"2231",170,1,NA,1,1,1,0,NA
"2232",170,1,NA,1,1,6,0,NA
"2233",171,1,NA,1,1,5,1,NA
"2234",171,1,NA,1,1,4,1,NA
"2235",171,1,NA,1,1,5,1,NA
"2236",171,1,NA,1,1,4,1,NA
"2237",171,1,NA,1,1,3,1,NA
"2238",171,1,NA,1,1,3,1,NA
"2239",171,1,NA,1,1,4,1,NA
"2240",171,1,NA,1,1,3,1,NA
"2241",171,1,NA,1,1,4,1,NA
"2242",171,1,NA,1,1,3,1,NA
"2243",171,1,NA,1,1,4,1,NA
"2244",171,1,NA,1,1,3,1,NA
"2245",171,1,NA,1,1,4,0,NA
"2246",171,1,NA,1,1,6,0,NA
"2247",171,1,NA,1,1,5,0,NA
"2248",171,1,NA,1,1,2,0,NA
"2249",171,1,NA,1,1,4,0,NA
"2250",171,1,NA,1,1,4,0,NA
"2251",171,1,NA,1,1,3,0,NA
"2252",171,1,NA,1,1,3,0,NA
"2253",171,1,NA,1,1,4,0,NA
"2254",171,1,NA,1,1,4,0,NA
"2255",171,1,NA,1,1,4,0,NA
"2256",171,1,NA,1,1,2,0,NA
"2257",172,1,NA,1,1,6,1,NA
"2258",172,1,NA,1,1,6,1,NA
"2259",172,1,NA,1,1,6,1,NA
"2260",172,1,NA,1,1,6,1,NA
"2261",172,1,NA,1,1,5,1,NA
"2262",172,1,NA,1,1,6,1,NA
"2263",172,1,NA,1,1,6,1,NA
"2264",172,1,NA,1,1,6,1,NA
"2265",172,1,NA,1,1,6,1,NA
"2266",172,1,NA,1,1,6,1,NA
"2267",172,1,NA,1,1,6,1,NA
"2268",172,1,NA,1,1,6,1,NA
"2269",172,1,NA,1,1,2,0,NA
"2270",172,1,NA,1,1,2,0,NA
"2271",172,1,NA,1,1,5,0,NA
"2272",172,1,NA,1,1,4,0,NA
"2273",172,1,NA,1,1,6,0,NA
"2274",172,1,NA,1,1,4,0,NA
"2275",172,1,NA,1,1,6,0,NA
"2276",172,1,NA,1,1,4,0,NA
"2277",172,1,NA,1,1,6,0,NA
"2278",172,1,NA,1,1,2,0,NA
"2279",172,1,NA,1,1,6,0,NA
"2280",172,1,NA,1,1,6,0,NA
"2281",175,1,NA,1,1,3,1,NA
"2282",175,1,NA,1,1,3,1,NA
"2283",175,1,NA,1,1,4,1,NA
"2284",175,1,NA,1,1,3,1,NA
"2285",175,1,NA,1,1,4,1,NA
"2286",175,1,NA,1,1,3,1,NA
"2287",175,1,NA,1,1,3,1,NA
"2288",175,1,NA,1,1,3,1,NA
"2289",175,1,NA,1,1,4,1,NA
"2290",175,1,NA,1,1,2,1,NA
"2291",175,1,NA,1,1,3,1,NA
"2292",175,1,NA,1,1,4,1,NA
"2293",175,1,NA,1,1,4,0,NA
"2294",175,1,NA,1,1,4,0,NA
"2295",175,1,NA,1,1,2,0,NA
"2296",175,1,NA,1,1,4,0,NA
"2297",175,1,NA,1,1,5,0,NA
"2298",175,1,NA,1,1,6,0,NA
"2299",175,1,NA,1,1,4,0,NA
"2300",175,1,NA,1,1,4,0,NA
"2301",175,1,NA,1,1,4,0,NA
"2302",175,1,NA,1,1,2,0,NA
"2303",175,1,NA,1,1,2,0,NA
"2304",175,1,NA,1,1,2,0,NA
"2305",177,1,NA,1,1,5,1,NA
"2306",177,1,NA,1,1,5,1,NA
"2307",177,1,NA,1,1,5,1,NA
"2308",177,1,NA,1,1,5,1,NA
"2309",177,1,NA,1,1,5,1,NA
"2310",177,1,NA,1,1,2,1,NA
"2311",177,1,NA,1,1,6,1,NA
"2312",177,1,NA,1,1,6,1,NA
"2313",177,1,NA,1,1,6,1,NA
"2314",177,1,NA,1,1,6,1,NA
"2315",177,1,NA,1,1,6,1,NA
"2316",177,1,NA,1,1,6,1,NA
"2317",177,1,NA,1,1,3,0,NA
"2318",177,1,NA,1,1,3,0,NA
"2319",177,1,NA,1,1,4,0,NA
"2320",177,1,NA,1,1,4,0,NA
"2321",177,1,NA,1,1,4,0,NA
"2322",177,1,NA,1,1,4,0,NA
"2323",177,1,NA,1,1,2,0,NA
"2324",177,1,NA,1,1,4,0,NA
"2325",177,1,NA,1,1,6,0,NA
"2326",177,1,NA,1,1,4,0,NA
"2327",177,1,NA,1,1,4,0,NA
"2328",177,1,NA,1,1,4,0,NA
"2329",178,1,NA,1,1,6,1,NA
"2330",178,1,NA,1,1,6,1,NA
"2331",178,1,NA,1,1,5,1,NA
"2332",178,1,NA,1,1,3,1,NA
"2333",178,1,NA,1,1,5,1,NA
"2334",178,1,NA,1,1,2,1,NA
"2335",178,1,NA,1,1,5,1,NA
"2336",178,1,NA,1,1,4,1,NA
"2337",178,1,NA,1,1,3,1,NA
"2338",178,1,NA,1,1,6,1,NA
"2339",178,1,NA,1,1,4,1,NA
"2340",178,1,NA,1,1,5,1,NA
"2341",178,1,NA,1,1,6,0,NA
"2342",178,1,NA,1,1,6,0,NA
"2343",178,1,NA,1,1,5,0,NA
"2344",178,1,NA,1,1,6,0,NA
"2345",178,1,NA,1,1,5,0,NA
"2346",178,1,NA,1,1,4,0,NA
"2347",178,1,NA,1,1,6,0,NA
"2348",178,1,NA,1,1,5,0,NA
"2349",178,1,NA,1,1,5,0,NA
"2350",178,1,NA,1,1,2,0,NA
"2351",178,1,NA,1,1,6,0,NA
"2352",178,1,NA,1,1,5,0,NA
"2353",179,1,NA,1,1,6,1,NA
"2354",179,1,NA,1,1,6,1,NA
"2355",179,1,NA,1,1,6,1,NA
"2356",179,1,NA,1,1,4,1,NA
"2357",179,1,NA,1,1,6,1,NA
"2358",179,1,NA,1,1,3,1,NA
"2359",179,1,NA,1,1,3,1,NA
"2360",179,1,NA,1,1,2,1,NA
"2361",179,1,NA,1,1,6,1,NA
"2362",179,1,NA,1,1,6,1,NA
"2363",179,1,NA,1,1,6,1,NA
"2364",179,1,NA,1,1,6,1,NA
"2365",179,1,NA,1,1,4,0,NA
"2366",179,1,NA,1,1,3,0,NA
"2367",179,1,NA,1,1,3,0,NA
"2368",179,1,NA,1,1,4,0,NA
"2369",179,1,NA,1,1,1,0,NA
"2370",179,1,NA,1,1,5,0,NA
"2371",179,1,NA,1,1,3,0,NA
"2372",179,1,NA,1,1,2,0,NA
"2373",179,1,NA,1,1,4,0,NA
"2374",179,1,NA,1,1,5,0,NA
"2375",179,1,NA,1,1,1,0,NA
"2376",179,1,NA,1,1,3,0,NA
"2377",181,1,NA,1,1,1,1,NA
"2378",181,1,NA,1,1,2,1,NA
"2379",181,1,NA,1,1,2,1,NA
"2380",181,1,NA,1,1,2,1,NA
"2381",181,1,NA,1,1,3,1,NA
"2382",181,1,NA,1,1,4,1,NA
"2383",181,1,NA,1,1,3,1,NA
"2384",181,1,NA,1,1,3,1,NA
"2385",181,1,NA,1,1,2,1,NA
"2386",181,1,NA,1,1,3,1,NA
"2387",181,1,NA,1,1,5,1,NA
"2388",181,1,NA,1,1,3,1,NA
"2389",181,1,NA,1,1,2,0,NA
"2390",181,1,NA,1,1,4,0,NA
"2391",181,1,NA,1,1,1,0,NA
"2392",181,1,NA,1,1,6,0,NA
"2393",181,1,NA,1,1,2,0,NA
"2394",181,1,NA,1,1,4,0,NA
"2395",181,1,NA,1,1,3,0,NA
"2396",181,1,NA,1,1,2,0,NA
"2397",181,1,NA,1,1,5,0,NA
"2398",181,1,NA,1,1,3,0,NA
"2399",181,1,NA,1,1,2,0,NA
"2400",181,1,NA,1,1,3,0,NA
"2401",182,1,NA,1,1,3,1,NA
"2402",182,1,NA,1,1,5,1,NA
"2403",182,1,NA,1,1,5,1,NA
"2404",182,1,NA,1,1,6,1,NA
"2405",182,1,NA,1,1,5,1,NA
"2406",182,1,NA,1,1,4,1,NA
"2407",182,1,NA,1,1,5,1,NA
"2408",182,1,NA,1,1,5,1,NA
"2409",182,1,NA,1,1,4,1,NA
"2410",182,1,NA,1,1,5,1,NA
"2411",182,1,NA,1,1,5,1,NA
"2412",182,1,NA,1,1,5,1,NA
"2413",182,1,NA,1,1,6,0,NA
"2414",182,1,NA,1,1,5,0,NA
"2415",182,1,NA,1,1,6,0,NA
"2416",182,1,NA,1,1,4,0,NA
"2417",182,1,NA,1,1,4,0,NA
"2418",182,1,NA,1,1,5,0,NA
"2419",182,1,NA,1,1,4,0,NA
"2420",182,1,NA,1,1,4,0,NA
"2421",182,1,NA,1,1,4,0,NA
"2422",182,1,NA,1,1,2,0,NA
"2423",182,1,NA,1,1,4,0,NA
"2424",182,1,NA,1,1,1,0,NA
"2425",183,1,NA,1,1,6,1,NA
"2426",183,1,NA,1,1,5,1,NA
"2427",183,1,NA,1,1,3,1,NA
"2428",183,1,NA,1,1,6,1,NA
"2429",183,1,NA,1,1,5,1,NA
"2430",183,1,NA,1,1,6,1,NA
"2431",183,1,NA,1,1,6,1,NA
"2432",183,1,NA,1,1,6,1,NA
"2433",183,1,NA,1,1,6,1,NA
"2434",183,1,NA,1,1,5,1,NA
"2435",183,1,NA,1,1,6,1,NA
"2436",183,1,NA,1,1,3,1,NA
"2437",183,1,NA,1,1,6,0,NA
"2438",183,1,NA,1,1,5,0,NA
"2439",183,1,NA,1,1,6,0,NA
"2440",183,1,NA,1,1,6,0,NA
"2441",183,1,NA,1,1,4,0,NA
"2442",183,1,NA,1,1,3,0,NA
"2443",183,1,NA,1,1,4,0,NA
"2444",183,1,NA,1,1,6,0,NA
"2445",183,1,NA,1,1,5,0,NA
"2446",183,1,NA,1,1,6,0,NA
"2447",183,1,NA,1,1,6,0,NA
"2448",183,1,NA,1,1,6,0,NA
